DATE,daily reported crimes
2003-01-01,183
2003-01-02,144
2003-01-03,156
2003-01-04,141
2003-01-05,119
2003-01-06,135
2003-01-07,150
2003-01-08,152
2003-01-09,120
2003-01-10,169
2003-01-11,127
2003-01-12,128
2003-01-13,161
2003-01-14,143
2003-01-15,129
2003-01-16,123
2003-01-17,135
2003-01-18,145
2003-01-19,148
2003-01-20,127
2003-01-21,119
2003-01-22,94
2003-01-23,132
2003-01-24,140
2003-01-25,137
2003-01-26,136
2003-01-27,128
2003-01-28,114
2003-01-29,109
2003-01-30,160
2003-01-31,153
2003-02-01,151
2003-02-02,140
2003-02-03,147
2003-02-04,113
2003-02-05,149
2003-02-06,132
2003-02-07,135
2003-02-08,136
2003-02-09,125
2003-02-10,117
2003-02-11,107
2003-02-12,119
2003-02-13,129
2003-02-14,127
2003-02-15,150
2003-02-16,120
2003-02-17,129
2003-02-18,115
2003-02-19,153
2003-02-20,125
2003-02-21,119
2003-02-22,132
2003-02-23,89
2003-02-24,113
2003-02-25,88
2003-02-26,98
2003-02-27,89
2003-02-28,98
2003-03-01,131
2003-03-02,119
2003-03-03,116
2003-03-04,109
2003-03-05,131
2003-03-06,121
2003-03-07,119
2003-03-08,109
2003-03-09,97
2003-03-10,114
2003-03-11,111
2003-03-12,118
2003-03-13,124
2003-03-14,127
2003-03-15,142
2003-03-16,139
2003-03-17,126
2003-03-18,110
2003-03-19,119
2003-03-20,144
2003-03-21,140
2003-03-22,118
2003-03-23,106
2003-03-24,133
2003-03-25,107
2003-03-26,105
2003-03-27,111
2003-03-28,129
2003-03-29,140
2003-03-30,156
2003-03-31,131
2003-04-01,148
2003-04-02,111
2003-04-03,145
2003-04-04,159
2003-04-05,174
2003-04-06,146
2003-04-07,122
2003-04-08,143
2003-04-09,155
2003-04-10,116
2003-04-11,180
2003-04-12,151
2003-04-13,159
2003-04-14,169
2003-04-15,132
2003-04-16,134
2003-04-17,132
2003-04-18,127
2003-04-19,149
2003-04-20,109
2003-04-21,109
2003-04-22,123
2003-04-23,112
2003-04-24,125
2003-04-25,126
2003-04-26,162
2003-04-27,125
2003-04-28,106
2003-04-29,121
2003-04-30,102
2003-05-01,168
2003-05-02,158
2003-05-03,147
2003-05-04,111
2003-05-05,120
2003-05-06,151
2003-05-07,144
2003-05-08,160
2003-05-09,160
2003-05-10,179
2003-05-11,119
2003-05-12,130
2003-05-13,139
2003-05-14,157
2003-05-15,158
2003-05-16,185
2003-05-17,163
2003-05-18,163
2003-05-19,141
2003-05-20,154
2003-05-21,125
2003-05-22,151
2003-05-23,168
2003-05-24,168
2003-05-25,136
2003-05-26,135
2003-05-27,121
2003-05-28,97
2003-05-29,108
2003-05-30,122
2003-05-31,151
2003-06-01,158
2003-06-02,120
2003-06-03,121
2003-06-04,129
2003-06-05,141
2003-06-06,153
2003-06-07,144
2003-06-08,145
2003-06-09,153
2003-06-10,141
2003-06-11,148
2003-06-12,159
2003-06-13,175
2003-06-14,143
2003-06-15,165
2003-06-16,155
2003-06-17,153
2003-06-18,153
2003-06-19,145
2003-06-20,208
2003-06-21,166
2003-06-22,123
2003-06-23,168
2003-06-24,115
2003-06-25,121
2003-06-26,120
2003-06-27,138
2003-06-28,135
2003-06-29,130
2003-06-30,117
2003-07-01,139
2003-07-02,118
2003-07-03,130
2003-07-04,142
2003-07-05,128
2003-07-06,109
2003-07-07,140
2003-07-08,137
2003-07-09,119
2003-07-10,128
2003-07-11,125
2003-07-12,130
2003-07-13,143
2003-07-14,137
2003-07-15,156
2003-07-16,115
2003-07-17,134
2003-07-18,137
2003-07-19,137
2003-07-20,147
2003-07-21,113
2003-07-22,109
2003-07-23,94
2003-07-24,115
2003-07-25,138
2003-07-26,117
2003-07-27,136
2003-07-28,117
2003-07-29,120
2003-07-30,122
2003-07-31,118
2003-08-01,171
2003-08-02,125
2003-08-03,116
2003-08-04,122
2003-08-05,138
2003-08-06,147
2003-08-07,139
2003-08-08,152
2003-08-09,178
2003-08-10,117
2003-08-11,126
2003-08-12,122
2003-08-13,129
2003-08-14,136
2003-08-15,149
2003-08-16,148
2003-08-17,134
2003-08-18,115
2003-08-19,101
2003-08-20,136
2003-08-21,120
2003-08-22,150
2003-08-23,145
2003-08-24,130
2003-08-25,123
2003-08-26,109
2003-08-27,101
2003-08-28,119
2003-08-29,133
2003-08-30,133
2003-08-31,147
2003-09-01,140
2003-09-02,111
2003-09-03,123
2003-09-04,123
2003-09-05,129
2003-09-06,145
2003-09-07,119
2003-09-08,137
2003-09-09,115
2003-09-10,130
2003-09-11,117
2003-09-12,146
2003-09-13,145
2003-09-14,133
2003-09-15,122
2003-09-16,131
2003-09-17,145
2003-09-18,128
2003-09-19,130
2003-09-20,141
2003-09-21,138
2003-09-22,126
2003-09-23,97
2003-09-24,84
2003-09-25,113
2003-09-26,128
2003-09-27,120
2003-09-28,134
2003-09-29,135
2003-09-30,129
2003-10-01,131
2003-10-02,124
2003-10-03,126
2003-10-04,163
2003-10-05,131
2003-10-06,108
2003-10-07,145
2003-10-08,116
2003-10-09,138
2003-10-10,150
2003-10-11,139
2003-10-12,148
2003-10-13,127
2003-10-14,129
2003-10-15,160
2003-10-16,152
2003-10-17,135
2003-10-18,152
2003-10-19,127
2003-10-20,145
2003-10-21,127
2003-10-22,147
2003-10-23,142
2003-10-24,154
2003-10-25,170
2003-10-26,168
2003-10-27,135
2003-10-28,141
2003-10-29,102
2003-10-30,105
2003-10-31,156
2003-11-01,146
2003-11-02,117
2003-11-03,120
2003-11-04,106
2003-11-05,118
2003-11-06,99
2003-11-07,164
2003-11-08,136
2003-11-09,133
2003-11-10,115
2003-11-11,126
2003-11-12,108
2003-11-13,110
2003-11-14,164
2003-11-15,160
2003-11-16,113
2003-11-17,110
2003-11-18,128
2003-11-19,133
2003-11-20,167
2003-11-21,129
2003-11-22,132
2003-11-23,133
2003-11-24,106
2003-11-25,94
2003-11-26,88
2003-11-27,103
2003-11-28,125
2003-11-29,127
2003-11-30,148
2003-12-01,154
2003-12-02,117
2003-12-03,117
2003-12-04,109
2003-12-05,134
2003-12-06,118
2003-12-07,126
2003-12-08,97
2003-12-09,122
2003-12-10,123
2003-12-11,120
2003-12-12,126
2003-12-13,111
2003-12-14,111
2003-12-15,111
2003-12-16,123
2003-12-17,78
2003-12-18,108
2003-12-19,123
2003-12-20,151
2003-12-21,113
2003-12-22,142
2003-12-23,150
2003-12-24,151
2003-12-25,108
2003-12-26,85
2003-12-27,132
2003-12-28,121
2003-12-29,148
2003-12-30,114
2003-12-31,125
2004-01-01,143
2004-01-02,91
2004-01-03,109
2004-01-04,126
2004-01-05,118
2004-01-06,96
2004-01-07,115
2004-01-08,105
2004-01-09,157
2004-01-10,164
2004-01-11,106
2004-01-12,118
2004-01-13,99
2004-01-14,95
2004-01-15,127
2004-01-16,127
2004-01-17,125
2004-01-18,121
2004-01-19,104
2004-01-20,115
2004-01-21,78
2004-01-22,94
2004-01-23,103
2004-01-24,133
2004-01-25,125
2004-01-26,112
2004-01-27,136
2004-01-28,131
2004-01-29,102
2004-01-30,122
2004-01-31,139
2004-02-01,135
2004-02-02,144
2004-02-03,102
2004-02-04,113
2004-02-05,122
2004-02-06,131
2004-02-07,135
2004-02-08,130
2004-02-09,135
2004-02-10,107
2004-02-11,120
2004-02-12,110
2004-02-13,132
2004-02-14,127
2004-02-15,119
2004-02-16,135
2004-02-17,131
2004-02-18,132
2004-02-19,127
2004-02-20,148
2004-02-21,114
2004-02-22,140
2004-02-23,109
2004-02-24,116
2004-02-25,97
2004-02-26,96
2004-02-27,138
2004-02-28,122
2004-02-29,107
2004-03-01,136
2004-03-02,105
2004-03-03,102
2004-03-04,107
2004-03-05,162
2004-03-06,133
2004-03-07,117
2004-03-08,171
2004-03-09,122
2004-03-10,138
2004-03-11,148
2004-03-12,158
2004-03-13,134
2004-03-14,127
2004-03-15,135
2004-03-16,128
2004-03-17,122
2004-03-18,111
2004-03-19,156
2004-03-20,153
2004-03-21,121
2004-03-22,173
2004-03-23,123
2004-03-24,80
2004-03-25,95
2004-03-26,128
2004-03-27,142
2004-03-28,132
2004-03-29,146
2004-03-30,137
2004-03-31,160
2004-04-01,141
2004-04-02,140
2004-04-03,143
2004-04-04,125
2004-04-05,118
2004-04-06,130
2004-04-07,147
2004-04-08,122
2004-04-09,168
2004-04-10,186
2004-04-11,140
2004-04-12,150
2004-04-13,145
2004-04-14,153
2004-04-15,145
2004-04-16,140
2004-04-17,147
2004-04-18,118
2004-04-19,133
2004-04-20,122
2004-04-21,150
2004-04-22,98
2004-04-23,127
2004-04-24,146
2004-04-25,135
2004-04-26,124
2004-04-27,102
2004-04-28,102
2004-04-29,95
2004-04-30,110
2004-05-01,148
2004-05-02,102
2004-05-03,112
2004-05-04,114
2004-05-05,120
2004-05-06,145
2004-05-07,149
2004-05-08,177
2004-05-09,169
2004-05-10,151
2004-05-11,107
2004-05-12,153
2004-05-13,120
2004-05-14,137
2004-05-15,157
2004-05-16,120
2004-05-17,119
2004-05-18,137
2004-05-19,142
2004-05-20,144
2004-05-21,124
2004-05-22,118
2004-05-23,106
2004-05-24,110
2004-05-25,71
2004-05-26,84
2004-05-27,94
2004-05-28,123
2004-05-29,104
2004-05-30,119
2004-05-31,100
2004-06-01,109
2004-06-02,120
2004-06-03,118
2004-06-04,117
2004-06-05,125
2004-06-06,121
2004-06-07,140
2004-06-08,132
2004-06-09,142
2004-06-10,112
2004-06-11,168
2004-06-12,141
2004-06-13,124
2004-06-14,127
2004-06-15,129
2004-06-16,123
2004-06-17,110
2004-06-18,129
2004-06-19,107
2004-06-20,140
2004-06-21,118
2004-06-22,103
2004-06-23,92
2004-06-24,100
2004-06-25,142
2004-06-26,133
2004-06-27,125
2004-06-28,133
2004-06-29,108
2004-06-30,125
2004-07-01,139
2004-07-02,121
2004-07-03,118
2004-07-04,143
2004-07-05,135
2004-07-06,128
2004-07-07,145
2004-07-08,112
2004-07-09,125
2004-07-10,117
2004-07-11,122
2004-07-12,130
2004-07-13,101
2004-07-14,111
2004-07-15,118
2004-07-16,137
2004-07-17,125
2004-07-18,124
2004-07-19,103
2004-07-20,125
2004-07-21,108
2004-07-22,130
2004-07-23,119
2004-07-24,123
2004-07-25,118
2004-07-26,105
2004-07-27,115
2004-07-28,104
2004-07-29,101
2004-07-30,130
2004-07-31,157
2004-08-01,118
2004-08-02,136
2004-08-03,139
2004-08-04,149
2004-08-05,121
2004-08-06,159
2004-08-07,161
2004-08-08,143
2004-08-09,118
2004-08-10,159
2004-08-11,120
2004-08-12,123
2004-08-13,145
2004-08-14,152
2004-08-15,134
2004-08-16,148
2004-08-17,137
2004-08-18,124
2004-08-19,155
2004-08-20,118
2004-08-21,161
2004-08-22,129
2004-08-23,152
2004-08-24,113
2004-08-25,83
2004-08-26,118
2004-08-27,123
2004-08-28,125
2004-08-29,169
2004-08-30,137
2004-08-31,130
2004-09-01,180
2004-09-02,121
2004-09-03,153
2004-09-04,142
2004-09-05,167
2004-09-06,142
2004-09-07,128
2004-09-08,128
2004-09-09,130
2004-09-10,131
2004-09-11,168
2004-09-12,152
2004-09-13,161
2004-09-14,157
2004-09-15,168
2004-09-16,153
2004-09-17,167
2004-09-18,173
2004-09-19,150
2004-09-20,150
2004-09-21,131
2004-09-22,125
2004-09-23,125
2004-09-24,162
2004-09-25,158
2004-09-26,135
2004-09-27,132
2004-09-28,141
2004-09-29,130
2004-09-30,120
2004-10-01,150
2004-10-02,157
2004-10-03,150
2004-10-04,115
2004-10-05,140
2004-10-06,119
2004-10-07,127
2004-10-08,158
2004-10-09,163
2004-10-10,113
2004-10-11,148
2004-10-12,128
2004-10-13,149
2004-10-14,158
2004-10-15,147
2004-10-16,162
2004-10-17,146
2004-10-18,145
2004-10-19,142
2004-10-20,154
2004-10-21,130
2004-10-22,141
2004-10-23,159
2004-10-24,116
2004-10-25,125
2004-10-26,114
2004-10-27,74
2004-10-28,106
2004-10-29,129
2004-10-30,129
2004-10-31,181
2004-11-01,149
2004-11-02,134
2004-11-03,161
2004-11-04,139
2004-11-05,143
2004-11-06,125
2004-11-07,110
2004-11-08,156
2004-11-09,125
2004-11-10,161
2004-11-11,157
2004-11-12,185
2004-11-13,159
2004-11-14,168
2004-11-15,135
2004-11-16,160
2004-11-17,135
2004-11-18,132
2004-11-19,153
2004-11-20,142
2004-11-21,130
2004-11-22,128
2004-11-23,116
2004-11-24,83
2004-11-25,89
2004-11-26,112
2004-11-27,128
2004-11-28,121
2004-11-29,107
2004-11-30,97
2004-12-01,143
2004-12-02,141
2004-12-03,125
2004-12-04,143
2004-12-05,145
2004-12-06,145
2004-12-07,142
2004-12-08,105
2004-12-09,121
2004-12-10,117
2004-12-11,137
2004-12-12,110
2004-12-13,137
2004-12-14,111
2004-12-15,114
2004-12-16,108
2004-12-17,125
2004-12-18,118
2004-12-19,120
2004-12-20,133
2004-12-21,111
2004-12-22,95
2004-12-23,119
2004-12-24,104
2004-12-25,94
2004-12-26,110
2004-12-27,105
2004-12-28,146
2004-12-29,121
2004-12-30,114
2004-12-31,144
2005-01-01,181
2005-01-02,122
2005-01-03,114
2005-01-04,101
2005-01-05,146
2005-01-06,112
2005-01-07,128
2005-01-08,142
2005-01-09,110
2005-01-10,96
2005-01-11,104
2005-01-12,110
2005-01-13,122
2005-01-14,107
2005-01-15,163
2005-01-16,97
2005-01-17,120
2005-01-18,106
2005-01-19,99
2005-01-20,97
2005-01-21,122
2005-01-22,118
2005-01-23,119
2005-01-24,139
2005-01-25,121
2005-01-26,116
2005-01-27,135
2005-01-28,126
2005-01-29,128
2005-01-30,125
2005-01-31,115
2005-02-01,124
2005-02-02,128
2005-02-03,124
2005-02-04,133
2005-02-05,94
2005-02-06,98
2005-02-07,122
2005-02-08,109
2005-02-09,109
2005-02-10,119
2005-02-11,132
2005-02-12,139
2005-02-13,140
2005-02-14,119
2005-02-15,121
2005-02-16,120
2005-02-17,120
2005-02-18,109
2005-02-19,144
2005-02-20,121
2005-02-21,117
2005-02-22,137
2005-02-23,78
2005-02-24,98
2005-02-25,112
2005-02-26,116
2005-02-27,91
2005-02-28,113
2005-03-01,107
2005-03-02,115
2005-03-03,107
2005-03-04,137
2005-03-05,122
2005-03-06,95
2005-03-07,106
2005-03-08,129
2005-03-09,122
2005-03-10,92
2005-03-11,117
2005-03-12,146
2005-03-13,116
2005-03-14,120
2005-03-15,139
2005-03-16,119
2005-03-17,159
2005-03-18,150
2005-03-19,119
2005-03-20,113
2005-03-21,89
2005-03-22,100
2005-03-23,89
2005-03-24,109
2005-03-25,125
2005-03-26,132
2005-03-27,106
2005-03-28,121
2005-03-29,121
2005-03-30,121
2005-03-31,129
2005-04-01,156
2005-04-02,160
2005-04-03,139
2005-04-04,154
2005-04-05,118
2005-04-06,103
2005-04-07,93
2005-04-08,168
2005-04-09,142
2005-04-10,128
2005-04-11,123
2005-04-12,119
2005-04-13,147
2005-04-14,118
2005-04-15,133
2005-04-16,112
2005-04-17,109
2005-04-18,123
2005-04-19,111
2005-04-20,114
2005-04-21,114
2005-04-22,124
2005-04-23,132
2005-04-24,91
2005-04-25,97
2005-04-26,128
2005-04-27,85
2005-04-28,102
2005-04-29,103
2005-04-30,112
2005-05-01,116
2005-05-02,87
2005-05-03,101
2005-05-04,109
2005-05-05,116
2005-05-06,131
2005-05-07,126
2005-05-08,104
2005-05-09,110
2005-05-10,108
2005-05-11,144
2005-05-12,126
2005-05-13,136
2005-05-14,157
2005-05-15,137
2005-05-16,126
2005-05-17,136
2005-05-18,125
2005-05-19,122
2005-05-20,159
2005-05-21,158
2005-05-22,128
2005-05-23,102
2005-05-24,132
2005-05-25,81
2005-05-26,87
2005-05-27,123
2005-05-28,148
2005-05-29,107
2005-05-30,102
2005-05-31,123
2005-06-01,120
2005-06-02,122
2005-06-03,118
2005-06-04,119
2005-06-05,132
2005-06-06,98
2005-06-07,99
2005-06-08,110
2005-06-09,125
2005-06-10,135
2005-06-11,124
2005-06-12,143
2005-06-13,115
2005-06-14,103
2005-06-15,123
2005-06-16,101
2005-06-17,141
2005-06-18,133
2005-06-19,115
2005-06-20,122
2005-06-21,107
2005-06-22,106
2005-06-23,125
2005-06-24,125
2005-06-25,134
2005-06-26,110
2005-06-27,110
2005-06-28,132
2005-06-29,120
2005-06-30,118
2005-07-01,142
2005-07-02,115
2005-07-03,134
2005-07-04,77
2005-07-05,137
2005-07-06,113
2005-07-07,115
2005-07-08,112
2005-07-09,129
2005-07-10,113
2005-07-11,122
2005-07-12,105
2005-07-13,122
2005-07-14,125
2005-07-15,128
2005-07-16,128
2005-07-17,95
2005-07-18,108
2005-07-19,110
2005-07-20,89
2005-07-21,118
2005-07-22,125
2005-07-23,105
2005-07-24,124
2005-07-25,105
2005-07-26,115
2005-07-27,106
2005-07-28,106
2005-07-29,103
2005-07-30,103
2005-07-31,94
2005-08-01,128
2005-08-02,112
2005-08-03,126
2005-08-04,102
2005-08-05,121
2005-08-06,135
2005-08-07,122
2005-08-08,148
2005-08-09,114
2005-08-10,156
2005-08-11,116
2005-08-12,143
2005-08-13,128
2005-08-14,121
2005-08-15,129
2005-08-16,110
2005-08-17,108
2005-08-18,116
2005-08-19,114
2005-08-20,131
2005-08-21,100
2005-08-22,111
2005-08-23,96
2005-08-24,94
2005-08-25,97
2005-08-26,123
2005-08-27,149
2005-08-28,103
2005-08-29,114
2005-08-30,107
2005-08-31,95
2005-09-01,121
2005-09-02,118
2005-09-03,131
2005-09-04,127
2005-09-05,113
2005-09-06,115
2005-09-07,122
2005-09-08,113
2005-09-09,131
2005-09-10,128
2005-09-11,111
2005-09-12,109
2005-09-13,111
2005-09-14,101
2005-09-15,105
2005-09-16,143
2005-09-17,138
2005-09-18,126
2005-09-19,132
2005-09-20,103
2005-09-21,117
2005-09-22,99
2005-09-23,121
2005-09-24,106
2005-09-25,118
2005-09-26,123
2005-09-27,120
2005-09-28,91
2005-09-29,118
2005-09-30,103
2005-10-01,131
2005-10-02,107
2005-10-03,116
2005-10-04,104
2005-10-05,109
2005-10-06,110
2005-10-07,138
2005-10-08,116
2005-10-09,102
2005-10-10,101
2005-10-11,103
2005-10-12,132
2005-10-13,108
2005-10-14,111
2005-10-15,142
2005-10-16,119
2005-10-17,97
2005-10-18,94
2005-10-19,101
2005-10-20,107
2005-10-21,147
2005-10-22,117
2005-10-23,98
2005-10-24,122
2005-10-25,117
2005-10-26,77
2005-10-27,96
2005-10-28,127
2005-10-29,113
2005-10-30,106
2005-10-31,140
2005-11-01,116
2005-11-02,109
2005-11-03,109
2005-11-04,105
2005-11-05,128
2005-11-06,106
2005-11-07,120
2005-11-08,105
2005-11-09,110
2005-11-10,124
2005-11-11,137
2005-11-12,117
2005-11-13,108
2005-11-14,101
2005-11-15,133
2005-11-16,122
2005-11-17,117
2005-11-18,140
2005-11-19,113
2005-11-20,108
2005-11-21,99
2005-11-22,105
2005-11-23,116
2005-11-24,95
2005-11-25,106
2005-11-26,92
2005-11-27,126
2005-11-28,98
2005-11-29,106
2005-11-30,99
2005-12-01,96
2005-12-02,125
2005-12-03,123
2005-12-04,95
2005-12-05,103
2005-12-06,107
2005-12-07,104
2005-12-08,117
2005-12-09,114
2005-12-10,123
2005-12-11,94
2005-12-12,102
2005-12-13,127
2005-12-14,103
2005-12-15,108
2005-12-16,117
2005-12-17,99
2005-12-18,104
2005-12-19,101
2005-12-20,134
2005-12-21,80
2005-12-22,88
2005-12-23,107
2005-12-24,112
2005-12-25,70
2005-12-26,110
2005-12-27,103
2005-12-28,93
2005-12-29,125
2005-12-30,137
2005-12-31,133
2006-01-01,169
2006-01-02,91
2006-01-03,92
2006-01-04,107
2006-01-05,118
2006-01-06,147
2006-01-07,177
2006-01-08,142
2006-01-09,135
2006-01-10,125
2006-01-11,115
2006-01-12,115
2006-01-13,137
2006-01-14,137
2006-01-15,140
2006-01-16,106
2006-01-17,123
2006-01-18,122
2006-01-19,100
2006-01-20,120
2006-01-21,131
2006-01-22,100
2006-01-23,136
2006-01-24,93
2006-01-25,98
2006-01-26,104
2006-01-27,117
2006-01-28,116
2006-01-29,132
2006-01-30,109
2006-01-31,110
2006-02-01,122
2006-02-02,141
2006-02-03,156
2006-02-04,119
2006-02-05,125
2006-02-06,90
2006-02-07,133
2006-02-08,124
2006-02-09,112
2006-02-10,143
2006-02-11,125
2006-02-12,122
2006-02-13,91
2006-02-14,119
2006-02-15,130
2006-02-16,101
2006-02-17,101
2006-02-18,113
2006-02-19,120
2006-02-20,88
2006-02-21,87
2006-02-22,79
2006-02-23,82
2006-02-24,123
2006-02-25,116
2006-02-26,111
2006-02-27,87
2006-02-28,101
2006-03-01,141
2006-03-02,109
2006-03-03,115
2006-03-04,126
2006-03-05,123
2006-03-06,98
2006-03-07,134
2006-03-08,103
2006-03-09,128
2006-03-10,150
2006-03-11,121
2006-03-12,143
2006-03-13,138
2006-03-14,119
2006-03-15,92
2006-03-16,116
2006-03-17,121
2006-03-18,116
2006-03-19,121
2006-03-20,104
2006-03-21,108
2006-03-22,121
2006-03-23,108
2006-03-24,128
2006-03-25,120
2006-03-26,134
2006-03-27,96
2006-03-28,83
2006-03-29,74
2006-03-30,75
2006-03-31,108
2006-04-01,114
2006-04-02,96
2006-04-03,114
2006-04-04,94
2006-04-05,81
2006-04-06,96
2006-04-07,106
2006-04-08,129
2006-04-09,103
2006-04-10,89
2006-04-11,93
2006-04-12,94
2006-04-13,103
2006-04-14,99
2006-04-15,106
2006-04-16,90
2006-04-17,93
2006-04-18,85
2006-04-19,87
2006-04-20,104
2006-04-21,100
2006-04-22,122
2006-04-23,96
2006-04-24,122
2006-04-25,107
2006-04-26,79
2006-04-27,83
2006-04-28,128
2006-04-29,94
2006-04-30,122
2006-05-01,98
2006-05-02,118
2006-05-03,112
2006-05-04,92
2006-05-05,102
2006-05-06,132
2006-05-07,129
2006-05-08,110
2006-05-09,99
2006-05-10,109
2006-05-11,124
2006-05-12,82
2006-05-13,123
2006-05-14,110
2006-05-15,120
2006-05-16,105
2006-05-17,108
2006-05-18,92
2006-05-19,121
2006-05-20,109
2006-05-21,98
2006-05-22,93
2006-05-23,93
2006-05-24,92
2006-05-25,90
2006-05-26,125
2006-05-27,119
2006-05-28,100
2006-05-29,96
2006-05-30,106
2006-05-31,94
2006-06-01,130
2006-06-02,128
2006-06-03,126
2006-06-04,97
2006-06-05,107
2006-06-06,126
2006-06-07,124
2006-06-08,105
2006-06-09,112
2006-06-10,142
2006-06-11,121
2006-06-12,125
2006-06-13,108
2006-06-14,147
2006-06-15,97
2006-06-16,129
2006-06-17,114
2006-06-18,105
2006-06-19,105
2006-06-20,132
2006-06-21,102
2006-06-22,114
2006-06-23,132
2006-06-24,138
2006-06-25,106
2006-06-26,108
2006-06-27,99
2006-06-28,84
2006-06-29,88
2006-06-30,118
2006-07-01,113
2006-07-02,126
2006-07-03,121
2006-07-04,115
2006-07-05,110
2006-07-06,124
2006-07-07,116
2006-07-08,104
2006-07-09,107
2006-07-10,111
2006-07-11,99
2006-07-12,124
2006-07-13,123
2006-07-14,121
2006-07-15,109
2006-07-16,118
2006-07-17,100
2006-07-18,115
2006-07-19,138
2006-07-20,105
2006-07-21,131
2006-07-22,109
2006-07-23,121
2006-07-24,131
2006-07-25,127
2006-07-26,95
2006-07-27,77
2006-07-28,108
2006-07-29,125
2006-07-30,132
2006-07-31,87
2006-08-01,123
2006-08-02,125
2006-08-03,100
2006-08-04,110
2006-08-05,111
2006-08-06,106
2006-08-07,102
2006-08-08,117
2006-08-09,124
2006-08-10,116
2006-08-11,125
2006-08-12,127
2006-08-13,128
2006-08-14,102
2006-08-15,130
2006-08-16,109
2006-08-17,106
2006-08-18,132
2006-08-19,108
2006-08-20,117
2006-08-21,123
2006-08-22,92
2006-08-23,90
2006-08-24,82
2006-08-25,113
2006-08-26,115
2006-08-27,112
2006-08-28,130
2006-08-29,119
2006-08-30,123
2006-08-31,116
2006-09-01,155
2006-09-02,116
2006-09-03,122
2006-09-04,117
2006-09-05,95
2006-09-06,123
2006-09-07,104
2006-09-08,135
2006-09-09,129
2006-09-10,93
2006-09-11,122
2006-09-12,131
2006-09-13,121
2006-09-14,94
2006-09-15,133
2006-09-16,96
2006-09-17,103
2006-09-18,107
2006-09-19,102
2006-09-20,112
2006-09-21,108
2006-09-22,123
2006-09-23,129
2006-09-24,115
2006-09-25,117
2006-09-26,112
2006-09-27,68
2006-09-28,77
2006-09-29,124
2006-09-30,129
2006-10-01,100
2006-10-02,109
2006-10-03,94
2006-10-04,99
2006-10-05,119
2006-10-06,139
2006-10-07,128
2006-10-08,103
2006-10-09,113
2006-10-10,99
2006-10-11,97
2006-10-12,107
2006-10-13,117
2006-10-14,121
2006-10-15,108
2006-10-16,103
2006-10-17,107
2006-10-18,134
2006-10-19,109
2006-10-20,113
2006-10-21,142
2006-10-22,119
2006-10-23,110
2006-10-24,93
2006-10-25,77
2006-10-26,80
2006-10-27,109
2006-10-28,138
2006-10-29,127
2006-10-30,128
2006-10-31,124
2006-11-01,121
2006-11-02,98
2006-11-03,135
2006-11-04,146
2006-11-05,107
2006-11-06,146
2006-11-07,114
2006-11-08,129
2006-11-09,122
2006-11-10,152
2006-11-11,125
2006-11-12,109
2006-11-13,99
2006-11-14,117
2006-11-15,110
2006-11-16,133
2006-11-17,122
2006-11-18,121
2006-11-19,108
2006-11-20,127
2006-11-21,100
2006-11-22,80
2006-11-23,87
2006-11-24,91
2006-11-25,104
2006-11-26,74
2006-11-27,65
2006-11-28,69
2006-11-29,55
2006-11-30,96
2006-12-01,115
2006-12-02,107
2006-12-03,100
2006-12-04,112
2006-12-05,85
2006-12-06,121
2006-12-07,118
2006-12-08,126
2006-12-09,134
2006-12-10,102
2006-12-11,153
2006-12-12,116
2006-12-13,104
2006-12-14,119
2006-12-15,116
2006-12-16,132
2006-12-17,123
2006-12-18,110
2006-12-19,107
2006-12-20,86
2006-12-21,71
2006-12-22,98
2006-12-23,114
2006-12-24,90
2006-12-25,87
2006-12-26,100
2006-12-27,120
2006-12-28,93
2006-12-29,98
2006-12-30,115
2006-12-31,134
2007-01-01,148
2007-01-02,129
2007-01-03,135
2007-01-04,106
2007-01-05,119
2007-01-06,151
2007-01-07,117
2007-01-08,119
2007-01-09,99
2007-01-10,84
2007-01-11,99
2007-01-12,89
2007-01-13,96
2007-01-14,98
2007-01-15,105
2007-01-16,92
2007-01-17,117
2007-01-18,105
2007-01-19,135
2007-01-20,144
2007-01-21,120
2007-01-22,115
2007-01-23,91
2007-01-24,77
2007-01-25,75
2007-01-26,108
2007-01-27,112
2007-01-28,118
2007-01-29,112
2007-01-30,109
2007-01-31,108
2007-02-01,97
2007-02-02,104
2007-02-03,117
2007-02-04,90
2007-02-05,108
2007-02-06,111
2007-02-07,102
2007-02-08,87
2007-02-09,119
2007-02-10,127
2007-02-11,94
2007-02-12,100
2007-02-13,103
2007-02-14,124
2007-02-15,119
2007-02-16,101
2007-02-17,131
2007-02-18,94
2007-02-19,82
2007-02-20,85
2007-02-21,54
2007-02-22,50
2007-02-23,99
2007-02-24,110
2007-02-25,65
2007-02-26,81
2007-02-27,62
2007-02-28,77
2007-03-01,105
2007-03-02,116
2007-03-03,81
2007-03-04,86
2007-03-05,90
2007-03-06,83
2007-03-07,77
2007-03-08,76
2007-03-09,93
2007-03-10,92
2007-03-11,97
2007-03-12,92
2007-03-13,102
2007-03-14,86
2007-03-15,109
2007-03-16,93
2007-03-17,114
2007-03-18,105
2007-03-19,101
2007-03-20,110
2007-03-21,85
2007-03-22,112
2007-03-23,107
2007-03-24,121
2007-03-25,95
2007-03-26,82
2007-03-27,90
2007-03-28,71
2007-03-29,68
2007-03-30,103
2007-03-31,109
2007-04-01,119
2007-04-02,97
2007-04-03,97
2007-04-04,115
2007-04-05,83
2007-04-06,108
2007-04-07,114
2007-04-08,118
2007-04-09,95
2007-04-10,98
2007-04-11,92
2007-04-12,99
2007-04-13,87
2007-04-14,119
2007-04-15,122
2007-04-16,105
2007-04-17,109
2007-04-18,85
2007-04-19,119
2007-04-20,98
2007-04-21,104
2007-04-22,99
2007-04-23,96
2007-04-24,104
2007-04-25,64
2007-04-26,80
2007-04-27,94
2007-04-28,83
2007-04-29,87
2007-04-30,95
2007-05-01,105
2007-05-02,110
2007-05-03,90
2007-05-04,119
2007-05-05,99
2007-05-06,88
2007-05-07,111
2007-05-08,100
2007-05-09,102
2007-05-10,82
2007-05-11,112
2007-05-12,114
2007-05-13,110
2007-05-14,98
2007-05-15,108
2007-05-16,85
2007-05-17,87
2007-05-18,104
2007-05-19,122
2007-05-20,102
2007-05-21,95
2007-05-22,86
2007-05-23,62
2007-05-24,73
2007-05-25,116
2007-05-26,104
2007-05-27,105
2007-05-28,93
2007-05-29,107
2007-05-30,94
2007-05-31,94
2007-06-01,97
2007-06-02,87
2007-06-03,96
2007-06-04,83
2007-06-05,105
2007-06-06,98
2007-06-07,99
2007-06-08,107
2007-06-09,89
2007-06-10,110
2007-06-11,89
2007-06-12,108
2007-06-13,123
2007-06-14,128
2007-06-15,113
2007-06-16,130
2007-06-17,114
2007-06-18,117
2007-06-19,108
2007-06-20,105
2007-06-21,120
2007-06-22,109
2007-06-23,108
2007-06-24,121
2007-06-25,88
2007-06-26,93
2007-06-27,78
2007-06-28,73
2007-06-29,88
2007-06-30,100
2007-07-01,109
2007-07-02,100
2007-07-03,114
2007-07-04,94
2007-07-05,100
2007-07-06,97
2007-07-07,96
2007-07-08,116
2007-07-09,101
2007-07-10,105
2007-07-11,100
2007-07-12,120
2007-07-13,94
2007-07-14,108
2007-07-15,106
2007-07-16,117
2007-07-17,96
2007-07-18,114
2007-07-19,103
2007-07-20,100
2007-07-21,86
2007-07-22,111
2007-07-23,84
2007-07-24,98
2007-07-25,75
2007-07-26,78
2007-07-27,99
2007-07-28,112
2007-07-29,108
2007-07-30,102
2007-07-31,89
2007-08-01,124
2007-08-02,112
2007-08-03,111
2007-08-04,135
2007-08-05,130
2007-08-06,102
2007-08-07,116
2007-08-08,108
2007-08-09,116
2007-08-10,127
2007-08-11,133
2007-08-12,93
2007-08-13,100
2007-08-14,137
2007-08-15,126
2007-08-16,120
2007-08-17,130
2007-08-18,115
2007-08-19,108
2007-08-20,103
2007-08-21,121
2007-08-22,119
2007-08-23,111
2007-08-24,122
2007-08-25,120
2007-08-26,128
2007-08-27,87
2007-08-28,90
2007-08-29,84
2007-08-30,81
2007-08-31,113
2007-09-01,132
2007-09-02,106
2007-09-03,97
2007-09-04,106
2007-09-05,93
2007-09-06,96
2007-09-07,124
2007-09-08,110
2007-09-09,110
2007-09-10,101
2007-09-11,108
2007-09-12,112
2007-09-13,122
2007-09-14,120
2007-09-15,121
2007-09-16,118
2007-09-17,103
2007-09-18,88
2007-09-19,80
2007-09-20,94
2007-09-21,115
2007-09-22,116
2007-09-23,109
2007-09-24,115
2007-09-25,80
2007-09-26,63
2007-09-27,75
2007-09-28,106
2007-09-29,87
2007-09-30,73
2007-10-01,107
2007-10-02,86
2007-10-03,82
2007-10-04,99
2007-10-05,115
2007-10-06,95
2007-10-07,103
2007-10-08,70
2007-10-09,106
2007-10-10,112
2007-10-11,98
2007-10-12,105
2007-10-13,122
2007-10-14,99
2007-10-15,119
2007-10-16,105
2007-10-17,100
2007-10-18,96
2007-10-19,89
2007-10-20,118
2007-10-21,117
2007-10-22,116
2007-10-23,106
2007-10-24,59
2007-10-25,70
2007-10-26,94
2007-10-27,105
2007-10-28,70
2007-10-29,89
2007-10-30,99
2007-10-31,113
2007-11-01,104
2007-11-02,105
2007-11-03,105
2007-11-04,98
2007-11-05,81
2007-11-06,95
2007-11-07,103
2007-11-08,103
2007-11-09,114
2007-11-10,91
2007-11-11,105
2007-11-12,96
2007-11-13,124
2007-11-14,119
2007-11-15,110
2007-11-16,100
2007-11-17,110
2007-11-18,84
2007-11-19,81
2007-11-20,87
2007-11-21,54
2007-11-22,84
2007-11-23,80
2007-11-24,85
2007-11-25,77
2007-11-26,82
2007-11-27,84
2007-11-28,89
2007-11-29,94
2007-11-30,118
2007-12-01,82
2007-12-02,62
2007-12-03,99
2007-12-04,95
2007-12-05,110
2007-12-06,97
2007-12-07,97
2007-12-08,90
2007-12-09,74
2007-12-10,98
2007-12-11,85
2007-12-12,88
2007-12-13,85
2007-12-14,107
2007-12-15,94
2007-12-16,85
2007-12-17,69
2007-12-18,80
2007-12-19,62
2007-12-20,58
2007-12-21,88
2007-12-22,73
2007-12-23,75
2007-12-24,60
2007-12-25,42
2007-12-26,70
2007-12-27,70
2007-12-28,78
2007-12-29,112
2007-12-30,76
2007-12-31,88
2008-01-01,119
2008-01-02,113
2008-01-03,88
2008-01-04,97
2008-01-05,95
2008-01-06,91
2008-01-07,110
2008-01-08,90
2008-01-09,90
2008-01-10,102
2008-01-11,84
2008-01-12,96
2008-01-13,81
2008-01-14,76
2008-01-15,84
2008-01-16,88
2008-01-17,98
2008-01-18,78
2008-01-19,77
2008-01-20,80
2008-01-21,77
2008-01-22,73
2008-01-23,55
2008-01-24,64
2008-01-25,85
2008-01-26,94
2008-01-27,76
2008-01-28,65
2008-01-29,81
2008-01-30,82
2008-01-31,90
2008-02-01,106
2008-02-02,103
2008-02-03,96
2008-02-04,84
2008-02-05,84
2008-02-06,105
2008-02-07,95
2008-02-08,101
2008-02-09,101
2008-02-10,109
2008-02-11,72
2008-02-12,107
2008-02-13,90
2008-02-14,81
2008-02-15,122
2008-02-16,107
2008-02-17,110
2008-02-18,99
2008-02-19,74
2008-02-20,29
2008-02-21,62
2008-02-22,102
2008-02-23,112
2008-02-24,112
2008-02-25,105
2008-02-26,100
2008-02-27,92
2008-02-28,86
2008-02-29,103
2008-03-01,122
2008-03-02,113
2008-03-03,103
2008-03-04,91
2008-03-05,103
2008-03-06,82
2008-03-07,123
2008-03-08,103
2008-03-09,92
2008-03-10,110
2008-03-11,119
2008-03-12,213
2008-03-13,130
2008-03-14,104
2008-03-15,111
2008-03-16,124
2008-03-17,100
2008-03-18,89
2008-03-19,71
2008-03-20,109
2008-03-21,102
2008-03-22,121
2008-03-23,106
2008-03-24,89
2008-03-25,78
2008-03-26,72
2008-03-27,91
2008-03-28,89
2008-03-29,83
2008-03-30,85
2008-03-31,84
2008-04-01,100
2008-04-02,100
2008-04-03,84
2008-04-04,91
2008-04-05,86
2008-04-06,93
2008-04-07,77
2008-04-08,94
2008-04-09,73
2008-04-10,87
2008-04-11,118
2008-04-12,105
2008-04-13,99
2008-04-14,104
2008-04-15,100
2008-04-16,104
2008-04-17,106
2008-04-18,94
2008-04-19,102
2008-04-20,116
2008-04-21,99
2008-04-22,95
2008-04-23,58
2008-04-24,73
2008-04-25,91
2008-04-26,102
2008-04-27,100
2008-04-28,77
2008-04-29,100
2008-04-30,85
2008-05-01,104
2008-05-02,98
2008-05-03,120
2008-05-04,108
2008-05-05,103
2008-05-06,98
2008-05-07,95
2008-05-08,84
2008-05-09,124
2008-05-10,108
2008-05-11,93
2008-05-12,84
2008-05-13,92
2008-05-14,88
2008-05-15,113
2008-05-16,108
2008-05-17,97
2008-05-18,94
2008-05-19,79
2008-05-20,79
2008-05-21,98
2008-05-22,87
2008-05-23,97
2008-05-24,118
2008-05-25,110
2008-05-26,82
2008-05-27,84
2008-05-28,63
2008-05-29,65
2008-05-30,93
2008-05-31,97
2008-06-01,89
2008-06-02,110
2008-06-03,82
2008-06-04,102
2008-06-05,96
2008-06-06,113
2008-06-07,107
2008-06-08,106
2008-06-09,93
2008-06-10,96
2008-06-11,104
2008-06-12,104
2008-06-13,106
2008-06-14,103
2008-06-15,103
2008-06-16,76
2008-06-17,102
2008-06-18,95
2008-06-19,99
2008-06-20,114
2008-06-21,123
2008-06-22,99
2008-06-23,97
2008-06-24,99
2008-06-25,57
2008-06-26,69
2008-06-27,85
2008-06-28,98
2008-06-29,83
2008-06-30,91
2008-07-01,93
2008-07-02,86
2008-07-03,76
2008-07-04,101
2008-07-05,95
2008-07-06,92
2008-07-07,66
2008-07-08,86
2008-07-09,94
2008-07-10,82
2008-07-11,117
2008-07-12,104
2008-07-13,103
2008-07-14,98
2008-07-15,87
2008-07-16,85
2008-07-17,131
2008-07-18,82
2008-07-19,115
2008-07-20,97
2008-07-21,88
2008-07-22,100
2008-07-23,70
2008-07-24,73
2008-07-25,87
2008-07-26,100
2008-07-27,77
2008-07-28,87
2008-07-29,69
2008-07-30,114
2008-07-31,90
2008-08-01,117
2008-08-02,110
2008-08-03,108
2008-08-04,81
2008-08-05,81
2008-08-06,90
2008-08-07,92
2008-08-08,84
2008-08-09,85
2008-08-10,75
2008-08-11,102
2008-08-12,102
2008-08-13,100
2008-08-14,106
2008-08-15,92
2008-08-16,87
2008-08-17,99
2008-08-18,93
2008-08-19,110
2008-08-20,115
2008-08-21,110
2008-08-22,102
2008-08-23,120
2008-08-24,87
2008-08-25,104
2008-08-26,102
2008-08-27,62
2008-08-28,68
2008-08-29,84
2008-08-30,104
2008-08-31,77
2008-09-01,106
2008-09-02,92
2008-09-03,99
2008-09-04,104
2008-09-05,117
2008-09-06,100
2008-09-07,89
2008-09-08,97
2008-09-09,94
2008-09-10,109
2008-09-11,105
2008-09-12,117
2008-09-13,131
2008-09-14,91
2008-09-15,89
2008-09-16,99
2008-09-17,99
2008-09-18,105
2008-09-19,77
2008-09-20,97
2008-09-21,92
2008-09-22,98
2008-09-23,108
2008-09-24,54
2008-09-25,69
2008-09-26,95
2008-09-27,96
2008-09-28,83
2008-09-29,103
2008-09-30,74
2008-10-01,102
2008-10-02,89
2008-10-03,102
2008-10-04,110
2008-10-05,121
2008-10-06,96
2008-10-07,103
2008-10-08,89
2008-10-09,89
2008-10-10,90
2008-10-11,120
2008-10-12,121
2008-10-13,81
2008-10-14,91
2008-10-15,101
2008-10-16,98
2008-10-17,86
2008-10-18,101
2008-10-19,93
2008-10-20,114
2008-10-21,65
2008-10-22,59
2008-10-23,69
2008-10-24,93
2008-10-25,121
2008-10-26,94
2008-10-27,73
2008-10-28,87
2008-10-29,87
2008-10-30,85
2008-10-31,124
2008-11-01,130
2008-11-02,87
2008-11-03,92
2008-11-04,81
2008-11-05,83
2008-11-06,102
2008-11-07,88
2008-11-08,108
2008-11-09,78
2008-11-10,80
2008-11-11,97
2008-11-12,134
2008-11-13,89
2008-11-14,91
2008-11-15,117
2008-11-16,85
2008-11-17,90
2008-11-18,68
2008-11-19,47
2008-11-20,74
2008-11-21,81
2008-11-22,116
2008-11-23,79
2008-11-24,81
2008-11-25,81
2008-11-26,84
2008-11-27,95
2008-11-28,80
2008-11-29,98
2008-11-30,91
2008-12-01,75
2008-12-02,77
2008-12-03,89
2008-12-04,102
2008-12-05,109
2008-12-06,103
2008-12-07,94
2008-12-08,123
2008-12-09,91
2008-12-10,69
2008-12-11,82
2008-12-12,100
2008-12-13,104
2008-12-14,72
2008-12-15,91
2008-12-16,80
2008-12-17,50
2008-12-18,94
2008-12-19,76
2008-12-20,88
2008-12-21,63
2008-12-22,67
2008-12-23,51
2008-12-24,65
2008-12-25,60
2008-12-26,67
2008-12-27,68
2008-12-28,62
2008-12-29,96
2008-12-30,109
2008-12-31,74
2009-01-01,90
2009-01-02,75
2009-01-03,73
2009-01-04,76
2009-01-05,107
2009-01-06,88
2009-01-07,100
2009-01-08,72
2009-01-09,103
2009-01-10,113
2009-01-11,88
2009-01-12,99
2009-01-13,70
2009-01-14,90
2009-01-15,109
2009-01-16,103
2009-01-17,101
2009-01-18,85
2009-01-19,97
2009-01-20,73
2009-01-21,53
2009-01-22,65
2009-01-23,84
2009-01-24,67
2009-01-25,74
2009-01-26,72
2009-01-27,63
2009-01-28,89
2009-01-29,85
2009-01-30,71
2009-01-31,125
2009-02-01,113
2009-02-02,95
2009-02-03,97
2009-02-04,106
2009-02-05,71
2009-02-06,113
2009-02-07,107
2009-02-08,91
2009-02-09,90
2009-02-10,120
2009-02-11,91
2009-02-12,96
2009-02-13,91
2009-02-14,107
2009-02-15,90
2009-02-16,79
2009-02-17,86
2009-02-18,70
2009-02-19,67
2009-02-20,97
2009-02-21,104
2009-02-22,89
2009-02-23,105
2009-02-24,70
2009-02-25,60
2009-02-26,86
2009-02-27,99
2009-02-28,110
2009-03-01,92
2009-03-02,63
2009-03-03,81
2009-03-04,90
2009-03-05,85
2009-03-06,86
2009-03-07,69
2009-03-08,83
2009-03-09,66
2009-03-10,72
2009-03-11,88
2009-03-12,83
2009-03-13,92
2009-03-14,108
2009-03-15,71
2009-03-16,81
2009-03-17,74
2009-03-18,75
2009-03-19,79
2009-03-20,95
2009-03-21,104
2009-03-22,79
2009-03-23,71
2009-03-24,63
2009-03-25,57
2009-03-26,53
2009-03-27,79
2009-03-28,74
2009-03-29,87
2009-03-30,73
2009-03-31,71
2009-04-01,92
2009-04-02,87
2009-04-03,91
2009-04-04,92
2009-04-05,93
2009-04-06,83
2009-04-07,83
2009-04-08,86
2009-04-09,87
2009-04-10,97
2009-04-11,91
2009-04-12,63
2009-04-13,84
2009-04-14,95
2009-04-15,82
2009-04-16,77
2009-04-17,74
2009-04-18,93
2009-04-19,75
2009-04-20,62
2009-04-21,75
2009-04-22,56
2009-04-23,77
2009-04-24,78
2009-04-25,86
2009-04-26,85
2009-04-27,62
2009-04-28,70
2009-04-29,83
2009-04-30,81
2009-05-01,94
2009-05-02,100
2009-05-03,73
2009-05-04,54
2009-05-05,67
2009-05-06,68
2009-05-07,79
2009-05-08,89
2009-05-09,89
2009-05-10,95
2009-05-11,105
2009-05-12,85
2009-05-13,81
2009-05-14,116
2009-05-15,98
2009-05-16,106
2009-05-17,80
2009-05-18,82
2009-05-19,78
2009-05-20,104
2009-05-21,91
2009-05-22,101
2009-05-23,96
2009-05-24,93
2009-05-25,87
2009-05-26,67
2009-05-27,94
2009-05-28,69
2009-05-29,106
2009-05-30,84
2009-05-31,62
2009-06-01,85
2009-06-02,80
2009-06-03,90
2009-06-04,74
2009-06-05,91
2009-06-06,80
2009-06-07,86
2009-06-08,72
2009-06-09,73
2009-06-10,75
2009-06-11,79
2009-06-12,77
2009-06-13,83
2009-06-14,71
2009-06-15,87
2009-06-16,87
2009-06-17,86
2009-06-18,92
2009-06-19,93
2009-06-20,95
2009-06-21,96
2009-06-22,99
2009-06-23,84
2009-06-24,51
2009-06-25,71
2009-06-26,92
2009-06-27,106
2009-06-28,102
2009-06-29,75
2009-06-30,88
2009-07-01,108
2009-07-02,95
2009-07-03,86
2009-07-04,69
2009-07-05,71
2009-07-06,80
2009-07-07,79
2009-07-08,72
2009-07-09,100
2009-07-10,101
2009-07-11,93
2009-07-12,83
2009-07-13,93
2009-07-14,76
2009-07-15,81
2009-07-16,101
2009-07-17,71
2009-07-18,89
2009-07-19,90
2009-07-20,91
2009-07-21,91
2009-07-22,89
2009-07-23,78
2009-07-24,92
2009-07-25,127
2009-07-26,91
2009-07-27,92
2009-07-28,69
2009-07-29,65
2009-07-30,68
2009-07-31,68
2009-08-01,116
2009-08-02,69
2009-08-03,90
2009-08-04,84
2009-08-05,81
2009-08-06,57
2009-08-07,98
2009-08-08,87
2009-08-09,81
2009-08-10,77
2009-08-11,89
2009-08-12,120
2009-08-13,96
2009-08-14,89
2009-08-15,92
2009-08-16,81
2009-08-17,99
2009-08-18,97
2009-08-19,102
2009-08-20,103
2009-08-21,114
2009-08-22,126
2009-08-23,86
2009-08-24,98
2009-08-25,85
2009-08-26,72
2009-08-27,64
2009-08-28,89
2009-08-29,103
2009-08-30,85
2009-08-31,74
2009-09-01,94
2009-09-02,84
2009-09-03,90
2009-09-04,106
2009-09-05,85
2009-09-06,103
2009-09-07,101
2009-09-08,96
2009-09-09,89
2009-09-10,98
2009-09-11,88
2009-09-12,105
2009-09-13,103
2009-09-14,92
2009-09-15,89
2009-09-16,93
2009-09-17,92
2009-09-18,108
2009-09-19,85
2009-09-20,89
2009-09-21,108
2009-09-22,83
2009-09-23,60
2009-09-24,79
2009-09-25,72
2009-09-26,83
2009-09-27,100
2009-09-28,75
2009-09-29,69
2009-09-30,81
2009-10-01,93
2009-10-02,79
2009-10-03,79
2009-10-04,90
2009-10-05,86
2009-10-06,62
2009-10-07,86
2009-10-08,89
2009-10-09,85
2009-10-10,112
2009-10-11,89
2009-10-12,79
2009-10-13,70
2009-10-14,89
2009-10-15,93
2009-10-16,98
2009-10-17,106
2009-10-18,76
2009-10-19,75
2009-10-20,78
2009-10-21,52
2009-10-22,59
2009-10-23,77
2009-10-24,73
2009-10-25,59
2009-10-26,79
2009-10-27,81
2009-10-28,76
2009-10-29,86
2009-10-30,108
2009-10-31,103
2009-11-01,124
2009-11-02,77
2009-11-03,83
2009-11-04,81
2009-11-05,89
2009-11-06,95
2009-11-07,88
2009-11-08,79
2009-11-09,84
2009-11-10,98
2009-11-11,94
2009-11-12,93
2009-11-13,62
2009-11-14,94
2009-11-15,80
2009-11-16,95
2009-11-17,72
2009-11-18,73
2009-11-19,73
2009-11-20,75
2009-11-21,89
2009-11-22,73
2009-11-23,73
2009-11-24,71
2009-11-25,70
2009-11-26,82
2009-11-27,86
2009-11-28,104
2009-11-29,86
2009-11-30,79
2009-12-01,81
2009-12-02,74
2009-12-03,88
2009-12-04,92
2009-12-05,92
2009-12-06,81
2009-12-07,70
2009-12-08,70
2009-12-09,78
2009-12-10,67
2009-12-11,72
2009-12-12,68
2009-12-13,67
2009-12-14,69
2009-12-15,54
2009-12-16,31
2009-12-17,68
2009-12-18,78
2009-12-19,81
2009-12-20,60
2009-12-21,82
2009-12-22,70
2009-12-23,72
2009-12-24,78
2009-12-25,63
2009-12-26,67
2009-12-27,88
2009-12-28,80
2009-12-29,82
2009-12-30,77
2009-12-31,71
2010-01-01,97
2010-01-02,89
2010-01-03,76
2010-01-04,81
2010-01-05,67
2010-01-06,77
2010-01-07,84
2010-01-08,78
2010-01-09,90
2010-01-10,96
2010-01-11,69
2010-01-12,76
2010-01-13,54
2010-01-14,56
2010-01-15,73
2010-01-16,83
2010-01-17,93
2010-01-18,64
2010-01-19,67
2010-01-20,50
2010-01-21,62
2010-01-22,81
2010-01-23,69
2010-01-24,56
2010-01-25,79
2010-01-26,72
2010-01-27,64
2010-01-28,83
2010-01-29,81
2010-01-30,84
2010-01-31,79
2010-02-01,89
2010-02-02,75
2010-02-03,70
2010-02-04,78
2010-02-05,74
2010-02-06,76
2010-02-07,62
2010-02-08,73
2010-02-09,62
2010-02-10,63
2010-02-11,58
2010-02-12,68
2010-02-13,89
2010-02-14,66
2010-02-15,71
2010-02-16,76
2010-02-17,49
2010-02-18,87
2010-02-19,94
2010-02-20,95
2010-02-21,90
2010-02-22,65
2010-02-23,67
2010-02-24,73
2010-02-25,100
2010-02-26,77
2010-02-27,93
2010-02-28,83
2010-03-01,106
2010-03-02,80
2010-03-03,93
2010-03-04,87
2010-03-05,76
2010-03-06,63
2010-03-07,74
2010-03-08,63
2010-03-09,83
2010-03-10,81
2010-03-11,94
2010-03-12,84
2010-03-13,84
2010-03-14,61
2010-03-15,73
2010-03-16,78
2010-03-17,85
2010-03-18,81
2010-03-19,82
2010-03-20,85
2010-03-21,60
2010-03-22,56
2010-03-23,80
2010-03-24,55
2010-03-25,49
2010-03-26,66
2010-03-27,73
2010-03-28,68
2010-03-29,64
2010-03-30,69
2010-03-31,69
2010-04-01,89
2010-04-02,84
2010-04-03,99
2010-04-04,85
2010-04-05,76
2010-04-06,58
2010-04-07,89
2010-04-08,73
2010-04-09,100
2010-04-10,81
2010-04-11,85
2010-04-12,75
2010-04-13,71
2010-04-14,64
2010-04-15,76
2010-04-16,74
2010-04-17,66
2010-04-18,72
2010-04-19,82
2010-04-20,63
2010-04-21,36
2010-04-22,45
2010-04-23,76
2010-04-24,87
2010-04-25,59
2010-04-26,76
2010-04-27,74
2010-04-28,57
2010-04-29,80
2010-04-30,79
2010-05-01,98
2010-05-02,75
2010-05-03,53
2010-05-04,74
2010-05-05,81
2010-05-06,91
2010-05-07,70
2010-05-08,88
2010-05-09,72
2010-05-10,78
2010-05-11,65
2010-05-12,78
2010-05-13,101
2010-05-14,101
2010-05-15,104
2010-05-16,74
2010-05-17,74
2010-05-18,51
2010-05-19,51
2010-05-20,78
2010-05-21,81
2010-05-22,111
2010-05-23,55
2010-05-24,87
2010-05-25,75
2010-05-26,69
2010-05-27,56
2010-05-28,90
2010-05-29,79
2010-05-30,76
2010-05-31,72
2010-06-01,62
2010-06-02,76
2010-06-03,80
2010-06-04,99
2010-06-05,102
2010-06-06,64
2010-06-07,74
2010-06-08,65
2010-06-09,52
2010-06-10,76
2010-06-11,86
2010-06-12,89
2010-06-13,81
2010-06-14,95
2010-06-15,89
2010-06-16,85
2010-06-17,77
2010-06-18,84
2010-06-19,85
2010-06-20,85
2010-06-21,82
2010-06-22,68
2010-06-23,65
2010-06-24,72
2010-06-25,64
2010-06-26,72
2010-06-27,81
2010-06-28,69
2010-06-29,81
2010-06-30,77
2010-07-01,85
2010-07-02,90
2010-07-03,76
2010-07-04,72
2010-07-05,76
2010-07-06,76
2010-07-07,74
2010-07-08,52
2010-07-09,71
2010-07-10,65
2010-07-11,80
2010-07-12,82
2010-07-13,94
2010-07-14,77
2010-07-15,80
2010-07-16,84
2010-07-17,78
2010-07-18,84
2010-07-19,95
2010-07-20,57
2010-07-21,67
2010-07-22,72
2010-07-23,76
2010-07-24,77
2010-07-25,77
2010-07-26,55
2010-07-27,78
2010-07-28,89
2010-07-29,79
2010-07-30,98
2010-07-31,80
2010-08-01,90
2010-08-02,81
2010-08-03,82
2010-08-04,93
2010-08-05,81
2010-08-06,112
2010-08-07,93
2010-08-08,100
2010-08-09,107
2010-08-10,101
2010-08-11,81
2010-08-12,98
2010-08-13,87
2010-08-14,99
2010-08-15,97
2010-08-16,94
2010-08-17,80
2010-08-18,91
2010-08-19,91
2010-08-20,86
2010-08-21,92
2010-08-22,97
2010-08-23,83
2010-08-24,86
2010-08-25,63
2010-08-26,55
2010-08-27,64
2010-08-28,83
2010-08-29,89
2010-08-30,84
2010-08-31,70
2010-09-01,89
2010-09-02,96
2010-09-03,94
2010-09-04,90
2010-09-05,93
2010-09-06,71
2010-09-07,71
2010-09-08,80
2010-09-09,79
2010-09-10,113
2010-09-11,94
2010-09-12,96
2010-09-13,81
2010-09-14,83
2010-09-15,73
2010-09-16,97
2010-09-17,105
2010-09-18,88
2010-09-19,75
2010-09-20,68
2010-09-21,62
2010-09-22,52
2010-09-23,75
2010-09-24,57
2010-09-25,113
2010-09-26,91
2010-09-27,87
2010-09-28,82
2010-09-29,60
2010-09-30,69
2010-10-01,117
2010-10-02,83
2010-10-03,104
2010-10-04,83
2010-10-05,80
2010-10-06,58
2010-10-07,59
2010-10-08,76
2010-10-09,70
2010-10-10,91
2010-10-11,83
2010-10-12,69
2010-10-13,94
2010-10-14,95
2010-10-15,104
2010-10-16,80
2010-10-17,68
2010-10-18,75
2010-10-19,77
2010-10-20,83
2010-10-21,78
2010-10-22,112
2010-10-23,122
2010-10-24,81
2010-10-25,98
2010-10-26,84
2010-10-27,57
2010-10-28,74
2010-10-29,69
2010-10-30,111
2010-10-31,117
2010-11-01,97
2010-11-02,68
2010-11-03,81
2010-11-04,83
2010-11-05,83
2010-11-06,102
2010-11-07,93
2010-11-08,83
2010-11-09,69
2010-11-10,60
2010-11-11,64
2010-11-12,81
2010-11-13,98
2010-11-14,73
2010-11-15,71
2010-11-16,83
2010-11-17,72
2010-11-18,84
2010-11-19,84
2010-11-20,72
2010-11-21,73
2010-11-22,77
2010-11-23,53
2010-11-24,36
2010-11-25,54
2010-11-26,52
2010-11-27,65
2010-11-28,46
2010-11-29,56
2010-11-30,76
2010-12-01,80
2010-12-02,71
2010-12-03,75
2010-12-04,64
2010-12-05,66
2010-12-06,73
2010-12-07,97
2010-12-08,70
2010-12-09,79
2010-12-10,86
2010-12-11,76
2010-12-12,56
2010-12-13,76
2010-12-14,58
2010-12-15,64
2010-12-16,53
2010-12-17,82
2010-12-18,70
2010-12-19,61
2010-12-20,63
2010-12-21,70
2010-12-22,66
2010-12-23,59
2010-12-24,71
2010-12-25,46
2010-12-26,78
2010-12-27,82
2010-12-28,76
2010-12-29,56
2010-12-30,66
2010-12-31,79
2011-01-01,95
2011-01-02,74
2011-01-03,83
2011-01-04,71
2011-01-05,62
2011-01-06,59
2011-01-07,106
2011-01-08,79
2011-01-09,61
2011-01-10,65
2011-01-11,53
2011-01-12,57
2011-01-13,84
2011-01-14,82
2011-01-15,71
2011-01-16,76
2011-01-17,67
2011-01-18,49
2011-01-19,52
2011-01-20,56
2011-01-21,78
2011-01-22,87
2011-01-23,80
2011-01-24,62
2011-01-25,84
2011-01-26,70
2011-01-27,79
2011-01-28,79
2011-01-29,74
2011-01-30,69
2011-01-31,73
2011-02-01,78
2011-02-02,86
2011-02-03,89
2011-02-04,83
2011-02-05,98
2011-02-06,77
2011-02-07,100
2011-02-08,74
2011-02-09,68
2011-02-10,56
2011-02-11,83
2011-02-12,68
2011-02-13,70
2011-02-14,77
2011-02-15,75
2011-02-16,32
2011-02-17,61
2011-02-18,86
2011-02-19,79
2011-02-20,82
2011-02-21,62
2011-02-22,88
2011-02-23,56
2011-02-24,64
2011-02-25,70
2011-02-26,46
2011-02-27,55
2011-02-28,63
2011-03-01,80
2011-03-02,72
2011-03-03,59
2011-03-04,81
2011-03-05,91
2011-03-06,79
2011-03-07,71
2011-03-08,64
2011-03-09,76
2011-03-10,54
2011-03-11,69
2011-03-12,83
2011-03-13,73
2011-03-14,66
2011-03-15,80
2011-03-16,62
2011-03-17,89
2011-03-18,76
2011-03-19,99
2011-03-20,86
2011-03-21,63
2011-03-22,72
2011-03-23,58
2011-03-24,69
2011-03-25,66
2011-03-26,81
2011-03-27,45
2011-03-28,61
2011-03-29,66
2011-03-30,67
2011-03-31,50
2011-04-01,75
2011-04-02,94
2011-04-03,74
2011-04-04,64
2011-04-05,59
2011-04-06,67
2011-04-07,73
2011-04-08,69
2011-04-09,71
2011-04-10,47
2011-04-11,55
2011-04-12,58
2011-04-13,73
2011-04-14,70
2011-04-15,76
2011-04-16,84
2011-04-17,69
2011-04-18,71
2011-04-19,82
2011-04-20,46
2011-04-21,59
2011-04-22,69
2011-04-23,65
2011-04-24,75
2011-04-25,73
2011-04-26,63
2011-04-27,68
2011-04-28,60
2011-04-29,74
2011-04-30,77
2011-05-01,88
2011-05-02,69
2011-05-03,62
2011-05-04,79
2011-05-05,71
2011-05-06,95
2011-05-07,84
2011-05-08,74
2011-05-09,54
2011-05-10,70
2011-05-11,77
2011-05-12,71
2011-05-13,83
2011-05-14,82
2011-05-15,75
2011-05-16,69
2011-05-17,59
2011-05-18,55
2011-05-19,57
2011-05-20,63
2011-05-21,75
2011-05-22,67
2011-05-23,75
2011-05-24,61
2011-05-25,61
2011-05-26,55
2011-05-27,66
2011-05-28,106
2011-05-29,64
2011-05-30,68
2011-05-31,67
2011-06-01,69
2011-06-02,74
2011-06-03,59
2011-06-04,77
2011-06-05,64
2011-06-06,97
2011-06-07,68
2011-06-08,80
2011-06-09,63
2011-06-10,105
2011-06-11,76
2011-06-12,69
2011-06-13,81
2011-06-14,70
2011-06-15,647
2011-06-16,109
2011-06-17,100
2011-06-18,97
2011-06-19,43
2011-06-20,80
2011-06-21,68
2011-06-22,53
2011-06-23,54
2011-06-24,69
2011-06-25,61
2011-06-26,78
2011-06-27,72
2011-06-28,61
2011-06-29,81
2011-06-30,73
2011-07-01,109
2011-07-02,79
2011-07-03,92
2011-07-04,84
2011-07-05,87
2011-07-06,81
2011-07-07,70
2011-07-08,70
2011-07-09,89
2011-07-10,63
2011-07-11,87
2011-07-12,82
2011-07-13,84
2011-07-14,99
2011-07-15,102
2011-07-16,94
2011-07-17,87
2011-07-18,88
2011-07-19,83
2011-07-20,94
2011-07-21,93
2011-07-22,97
2011-07-23,84
2011-07-24,85
2011-07-25,82
2011-07-26,55
2011-07-27,49
2011-07-28,75
2011-07-29,83
2011-07-30,103
2011-07-31,80
2011-08-01,77
2011-08-02,86
2011-08-03,64
2011-08-04,69
2011-08-05,64
2011-08-06,76
2011-08-07,107
2011-08-08,85
2011-08-09,86
2011-08-10,79
2011-08-11,79
2011-08-12,89
2011-08-13,84
2011-08-14,64
2011-08-15,69
2011-08-16,71
2011-08-17,81
2011-08-18,78
2011-08-19,85
2011-08-20,83
2011-08-21,72
2011-08-22,68
2011-08-23,81
2011-08-24,64
2011-08-25,65
2011-08-26,85
2011-08-27,57
2011-08-28,90
2011-08-29,71
2011-08-30,76
2011-08-31,83
2011-09-01,88
2011-09-02,97
2011-09-03,92
2011-09-04,76
2011-09-05,102
2011-09-06,71
2011-09-07,88
2011-09-08,87
2011-09-09,78
2011-09-10,92
2011-09-11,76
2011-09-12,85
2011-09-13,73
2011-09-14,72
2011-09-15,89
2011-09-16,104
2011-09-17,91
2011-09-18,76
2011-09-19,56
2011-09-20,60
2011-09-21,43
2011-09-22,50
2011-09-23,79
2011-09-24,74
2011-09-25,67
2011-09-26,71
2011-09-27,66
2011-09-28,89
2011-09-29,58
2011-09-30,75
2011-10-01,85
2011-10-02,65
2011-10-03,81
2011-10-04,76
2011-10-05,78
2011-10-06,65
2011-10-07,76
2011-10-08,74
2011-10-09,59
2011-10-10,81
2011-10-11,77
2011-10-12,94
2011-10-13,65
2011-10-14,79
2011-10-15,86
2011-10-16,65
2011-10-17,60
2011-10-18,67
2011-10-19,58
2011-10-20,55
2011-10-21,76
2011-10-22,78
2011-10-23,64
2011-10-24,75
2011-10-25,54
2011-10-26,44
2011-10-27,54
2011-10-28,65
2011-10-29,72
2011-10-30,65
2011-10-31,95
2011-11-01,76
2011-11-02,69
2011-11-03,61
2011-11-04,84
2011-11-05,76
2011-11-06,47
2011-11-07,67
2011-11-08,78
2011-11-09,66
2011-11-10,70
2011-11-11,80
2011-11-12,72
2011-11-13,69
2011-11-14,73
2011-11-15,103
2011-11-16,61
2011-11-17,65
2011-11-18,70
2011-11-19,79
2011-11-20,73
2011-11-21,80
2011-11-22,63
2011-11-23,48
2011-11-24,60
2011-11-25,77
2011-11-26,71
2011-11-27,59
2011-11-28,79
2011-11-29,63
2011-11-30,74
2011-12-01,70
2011-12-02,84
2011-12-03,85
2011-12-04,65
2011-12-05,60
2011-12-06,65
2011-12-07,82
2011-12-08,73
2011-12-09,71
2011-12-10,66
2011-12-11,76
2011-12-12,62
2011-12-13,65
2011-12-14,69
2011-12-15,62
2011-12-16,70
2011-12-17,77
2011-12-18,59
2011-12-19,72
2011-12-20,77
2011-12-21,46
2011-12-22,61
2011-12-23,74
2011-12-24,74
2011-12-25,62
2011-12-26,69
2011-12-27,60
2011-12-28,73
2011-12-29,76
2011-12-30,65
2011-12-31,75
2012-01-01,100
2012-01-02,81
2012-01-03,82
2012-01-04,68
2012-01-05,53
2012-01-06,64
2012-01-07,63
2012-01-08,89
2012-01-09,85
2012-01-10,54
2012-01-11,77
2012-01-12,70
2012-01-13,88
2012-01-14,68
2012-01-15,73
2012-01-16,64
2012-01-17,77
2012-01-18,69
2012-01-19,58
2012-01-20,86
2012-01-21,86
2012-01-22,65
2012-01-23,66
2012-01-24,69
2012-01-25,51
2012-01-26,49
2012-01-27,66
2012-01-28,71
2012-01-29,70
2012-01-30,75
2012-01-31,63
2012-02-01,82
2012-02-02,66
2012-02-03,86
2012-02-04,106
2012-02-05,76
2012-02-06,71
2012-02-07,52
2012-02-08,85
2012-02-09,51
2012-02-10,85
2012-02-11,73
2012-02-12,56
2012-02-13,94
2012-02-14,83
2012-02-15,78
2012-02-16,65
2012-02-17,66
2012-02-18,86
2012-02-19,64
2012-02-20,58
2012-02-21,66
2012-02-22,59
2012-02-23,55
2012-02-24,65
2012-02-25,70
2012-02-26,76
2012-02-27,70
2012-02-28,71
2012-02-29,69
2012-03-01,72
2012-03-02,76
2012-03-03,72
2012-03-04,63
2012-03-05,66
2012-03-06,82
2012-03-07,66
2012-03-08,79
2012-03-09,69
2012-03-10,56
2012-03-11,77
2012-03-12,62
2012-03-13,92
2012-03-14,53
2012-03-15,88
2012-03-16,92
2012-03-17,80
2012-03-18,83
2012-03-19,113
2012-03-20,58
2012-03-21,45
2012-03-22,54
2012-03-23,74
2012-03-24,85
2012-03-25,70
2012-03-26,57
2012-03-27,70
2012-03-28,70
2012-03-29,91
2012-03-30,81
2012-03-31,85
2012-04-01,70
2012-04-02,72
2012-04-03,67
2012-04-04,51
2012-04-05,81
2012-04-06,76
2012-04-07,76
2012-04-08,93
2012-04-09,73
2012-04-10,90
2012-04-11,83
2012-04-12,68
2012-04-13,88
2012-04-14,102
2012-04-15,79
2012-04-16,84
2012-04-17,74
2012-04-18,76
2012-04-19,59
2012-04-20,75
2012-04-21,79
2012-04-22,69
2012-04-23,79
2012-04-24,77
2012-04-25,42
2012-04-26,64
2012-04-27,77
2012-04-28,81
2012-04-29,70
2012-04-30,81
2012-05-01,69
2012-05-02,71
2012-05-03,63
2012-05-04,72
2012-05-05,88
2012-05-06,69
2012-05-07,63
2012-05-08,82
2012-05-09,79
2012-05-10,79
2012-05-11,80
2012-05-12,92
2012-05-13,75
2012-05-14,95
2012-05-15,74
2012-05-16,85
2012-05-17,78
2012-05-18,65
2012-05-19,73
2012-05-20,72
2012-05-21,58
2012-05-22,51
2012-05-23,51
2012-05-24,75
2012-05-25,70
2012-05-26,79
2012-05-27,66
2012-05-28,73
2012-05-29,61
2012-05-30,64
2012-05-31,56
2012-06-01,87
2012-06-02,75
2012-06-03,77
2012-06-04,81
2012-06-05,55
2012-06-06,70
2012-06-07,78
2012-06-08,96
2012-06-09,77
2012-06-10,82
2012-06-11,76
2012-06-12,91
2012-06-13,90
2012-06-14,75
2012-06-15,98
2012-06-16,80
2012-06-17,70
2012-06-18,76
2012-06-19,76
2012-06-20,83
2012-06-21,80
2012-06-22,74
2012-06-23,68
2012-06-24,98
2012-06-25,72
2012-06-26,78
2012-06-27,44
2012-06-28,77
2012-06-29,82
2012-06-30,80
2012-07-01,91
2012-07-02,78
2012-07-03,72
2012-07-04,79
2012-07-05,86
2012-07-06,84
2012-07-07,72
2012-07-08,83
2012-07-09,72
2012-07-10,58
2012-07-11,73
2012-07-12,73
2012-07-13,89
2012-07-14,69
2012-07-15,82
2012-07-16,76
2012-07-17,81
2012-07-18,63
2012-07-19,70
2012-07-20,75
2012-07-21,69
2012-07-22,70
2012-07-23,72
2012-07-24,82
2012-07-25,62
2012-07-26,62
2012-07-27,58
2012-07-28,54
2012-07-29,47
2012-07-30,71
2012-07-31,72
2012-08-01,98
2012-08-02,73
2012-08-03,76
2012-08-04,102
2012-08-05,80
2012-08-06,77
2012-08-07,76
2012-08-08,86
2012-08-09,74
2012-08-10,102
2012-08-11,101
2012-08-12,89
2012-08-13,73
2012-08-14,89
2012-08-15,92
2012-08-16,81
2012-08-17,99
2012-08-18,88
2012-08-19,76
2012-08-20,85
2012-08-21,83
2012-08-22,90
2012-08-23,95
2012-08-24,87
2012-08-25,102
2012-08-26,91
2012-08-27,78
2012-08-28,79
2012-08-29,68
2012-08-30,67
2012-08-31,79
2012-09-01,101
2012-09-02,82
2012-09-03,80
2012-09-04,68
2012-09-05,67
2012-09-06,80
2012-09-07,82
2012-09-08,111
2012-09-09,81
2012-09-10,78
2012-09-11,71
2012-09-12,95
2012-09-13,64
2012-09-14,94
2012-09-15,104
2012-09-16,78
2012-09-17,94
2012-09-18,91
2012-09-19,98
2012-09-20,101
2012-09-21,87
2012-09-22,91
2012-09-23,88
2012-09-24,82
2012-09-25,63
2012-09-26,40
2012-09-27,76
2012-09-28,63
2012-09-29,103
2012-09-30,75
2012-10-01,76
2012-10-02,78
2012-10-03,80
2012-10-04,76
2012-10-05,70
2012-10-06,84
2012-10-07,70
2012-10-08,97
2012-10-09,99
2012-10-10,80
2012-10-11,83
2012-10-12,52
2012-10-13,70
2012-10-14,58
2012-10-15,89
2012-10-16,82
2012-10-17,89
2012-10-18,72
2012-10-19,59
2012-10-20,74
2012-10-21,67
2012-10-22,79
2012-10-23,74
2012-10-24,59
2012-10-25,68
2012-10-26,76
2012-10-27,82
2012-10-28,87
2012-10-29,58
2012-10-30,62
2012-10-31,85
2012-11-01,114
2012-11-02,98
2012-11-03,81
2012-11-04,74
2012-11-05,84
2012-11-06,91
2012-11-07,91
2012-11-08,83
2012-11-09,78
2012-11-10,74
2012-11-11,74
2012-11-12,72
2012-11-13,92
2012-11-14,96
2012-11-15,87
2012-11-16,88
2012-11-17,87
2012-11-18,76
2012-11-19,94
2012-11-20,69
2012-11-21,55
2012-11-22,60
2012-11-23,86
2012-11-24,66
2012-11-25,83
2012-11-26,76
2012-11-27,64
2012-11-28,70
2012-11-29,67
2012-11-30,95
2012-12-01,89
2012-12-02,58
2012-12-03,75
2012-12-04,79
2012-12-05,60
2012-12-06,81
2012-12-07,74
2012-12-08,80
2012-12-09,81
2012-12-10,60
2012-12-11,72
2012-12-12,77
2012-12-13,66
2012-12-14,74
2012-12-15,84
2012-12-16,73
2012-12-17,56
2012-12-18,57
2012-12-19,55
2012-12-20,53
2012-12-21,80
2012-12-22,69
2012-12-23,75
2012-12-24,60
2012-12-25,56
2012-12-26,67
2012-12-27,84
2012-12-28,77
2012-12-29,78
2012-12-30,82
2012-12-31,74
2013-01-01,99
2013-01-02,78
2013-01-03,79
2013-01-04,88
2013-01-05,82
2013-01-06,63
2013-01-07,59
2013-01-08,51
2013-01-09,56
2013-01-10,58
2013-01-11,76
2013-01-12,68
2013-01-13,76
2013-01-14,74
2013-01-15,58
2013-01-16,57
2013-01-17,68
2013-01-18,59
2013-01-19,71
2013-01-20,79
2013-01-21,64
2013-01-22,60
2013-01-23,57
2013-01-24,62
2013-01-25,53
2013-01-26,57
2013-01-27,56
2013-01-28,53
2013-01-29,49
2013-01-30,41
2013-01-31,70
2013-02-01,71
2013-02-02,56
2013-02-03,54
2013-02-04,63
2013-02-05,79
2013-02-06,60
2013-02-07,85
2013-02-08,67
2013-02-09,75
2013-02-10,55
2013-02-11,89
2013-02-12,63
2013-02-13,56
2013-02-14,53
2013-02-15,77
2013-02-16,75
2013-02-17,69
2013-02-18,61
2013-02-19,56
2013-02-20,51
2013-02-21,50
2013-02-22,59
2013-02-23,66
2013-02-24,69
2013-02-25,58
2013-02-26,55
2013-02-27,62
2013-02-28,79
2013-03-01,101
2013-03-02,65
2013-03-03,65
2013-03-04,65
2013-03-05,60
2013-03-06,59
2013-03-07,100
2013-03-08,74
2013-03-09,71
2013-03-10,74
2013-03-11,75
2013-03-12,78
2013-03-13,76
2013-03-14,84
2013-03-15,93
2013-03-16,91
2013-03-17,66
2013-03-18,57
2013-03-19,63
2013-03-20,49
2013-03-21,49
2013-03-22,87
2013-03-23,79
2013-03-24,86
2013-03-25,82
2013-03-26,90
2013-03-27,63
2013-03-28,64
2013-03-29,85
2013-03-30,93
2013-03-31,82
2013-04-01,83
2013-04-02,76
2013-04-03,71
2013-04-04,71
2013-04-05,101
2013-04-06,93
2013-04-07,80
2013-04-08,88
2013-04-09,91
2013-04-10,56
2013-04-11,104
2013-04-12,71
2013-04-13,95
2013-04-14,84
2013-04-15,68
2013-04-16,79
2013-04-17,73
2013-04-18,85
2013-04-19,77
2013-04-20,75
2013-04-21,64
2013-04-22,76
2013-04-23,67
2013-04-24,45
2013-04-25,70
2013-04-26,75
2013-04-27,63
2013-04-28,81
2013-04-29,61
2013-04-30,81
2013-05-01,76
2013-05-02,63
2013-05-03,65
2013-05-04,92
2013-05-05,89
2013-05-06,85
2013-05-07,70
2013-05-08,90
2013-05-09,70
2013-05-10,89
2013-05-11,92
2013-05-12,71
2013-05-13,68
2013-05-14,64
2013-05-15,89
2013-05-16,80
2013-05-17,79
2013-05-18,98
2013-05-19,77
2013-05-20,92
2013-05-21,84
2013-05-22,67
2013-05-23,59
2013-05-24,65
2013-05-25,76
2013-05-26,81
2013-05-27,71
2013-05-28,64
2013-05-29,74
2013-05-30,61
2013-05-31,83
2013-06-01,100
2013-06-02,78
2013-06-03,78
2013-06-04,96
2013-06-05,87
2013-06-06,78
2013-06-07,75
2013-06-08,81
2013-06-09,71
2013-06-10,56
2013-06-11,74
2013-06-12,86
2013-06-13,77
2013-06-14,63
2013-06-15,85
2013-06-16,82
2013-06-17,100
2013-06-18,86
2013-06-19,78
2013-06-20,95
2013-06-21,85
2013-06-22,81
2013-06-23,81
2013-06-24,80
2013-06-25,49
2013-06-26,52
2013-06-27,68
2013-06-28,71
2013-06-29,69
2013-06-30,69
2013-07-01,88
2013-07-02,90
2013-07-03,84
2013-07-04,90
2013-07-05,89
2013-07-06,75
2013-07-07,85
2013-07-08,71
2013-07-09,76
2013-07-10,57
2013-07-11,83
2013-07-12,94
2013-07-13,87
2013-07-14,86
2013-07-15,78
2013-07-16,81
2013-07-17,74
2013-07-18,88
2013-07-19,84
2013-07-20,91
2013-07-21,82
2013-07-22,80
2013-07-23,66
2013-07-24,51
2013-07-25,82
2013-07-26,76
2013-07-27,82
2013-07-28,63
2013-07-29,71
2013-07-30,76
2013-07-31,102
2013-08-01,69
2013-08-02,87
2013-08-03,84
2013-08-04,76
2013-08-05,84
2013-08-06,64
2013-08-07,103
2013-08-08,84
2013-08-09,79
2013-08-10,93
2013-08-11,87
2013-08-12,64
2013-08-13,64
2013-08-14,89
2013-08-15,86
2013-08-16,73
2013-08-17,81
2013-08-18,83
2013-08-19,81
2013-08-20,75
2013-08-21,89
2013-08-22,88
2013-08-23,81
2013-08-24,90
2013-08-25,93
2013-08-26,82
2013-08-27,69
2013-08-28,50
2013-08-29,59
2013-08-30,63
2013-08-31,81
2013-09-01,79
2013-09-02,87
2013-09-03,82
2013-09-04,61
2013-09-05,75
2013-09-06,81
2013-09-07,94
2013-09-08,66
2013-09-09,78
2013-09-10,86
2013-09-11,88
2013-09-12,80
2013-09-13,77
2013-09-14,104
2013-09-15,84
2013-09-16,71
2013-09-17,88
2013-09-18,61
2013-09-19,94
2013-09-20,89
2013-09-21,107
2013-09-22,73
2013-09-23,81
2013-09-24,74
2013-09-25,59
2013-09-26,49
2013-09-27,60
2013-09-28,52
2013-09-29,54
2013-09-30,55
2013-10-01,66
2013-10-02,87
2013-10-03,69
2013-10-04,70
2013-10-05,67
2013-10-06,66
2013-10-07,76
2013-10-08,64
2013-10-09,61
2013-10-10,75
2013-10-11,83
2013-10-12,88
2013-10-13,71
2013-10-14,80
2013-10-15,92
2013-10-16,95
2013-10-17,88
2013-10-18,74
2013-10-19,92
2013-10-20,77
2013-10-21,83
2013-10-22,73
2013-10-23,58
2013-10-24,59
2013-10-25,93
2013-10-26,92
2013-10-27,67
2013-10-28,89
2013-10-29,85
2013-10-30,83
2013-10-31,94
2013-11-01,99
2013-11-02,87
2013-11-03,85
2013-11-04,76
2013-11-05,91
2013-11-06,91
2013-11-07,72
2013-11-08,76
2013-11-09,113
2013-11-10,81
2013-11-11,101
2013-11-12,86
2013-11-13,66
2013-11-14,100
2013-11-15,93
2013-11-16,98
2013-11-17,91
2013-11-18,67
2013-11-19,84
2013-11-20,50
2013-11-21,69
2013-11-22,69
2013-11-23,74
2013-11-24,83
2013-11-25,83
2013-11-26,66
2013-11-27,82
2013-11-28,75
2013-11-29,68
2013-11-30,65
2013-12-01,74
2013-12-02,80
2013-12-03,86
2013-12-04,73
2013-12-05,90
2013-12-06,87
2013-12-07,84
2013-12-08,74
2013-12-09,59
2013-12-10,71
2013-12-11,69
2013-12-12,73
2013-12-13,94
2013-12-14,96
2013-12-15,76
2013-12-16,82
2013-12-17,63
2013-12-18,57
2013-12-19,59
2013-12-20,65
2013-12-21,65
2013-12-22,63
2013-12-23,60
2013-12-24,80
2013-12-25,49
2013-12-26,64
2013-12-27,71
2013-12-28,89
2013-12-29,80
2013-12-30,66
2013-12-31,98
2014-01-01,123
2014-01-02,80
2014-01-03,74
2014-01-04,70
2014-01-05,87
2014-01-06,63
2014-01-07,82
2014-01-08,80
2014-01-09,53
2014-01-10,97
2014-01-11,98
2014-01-12,68
2014-01-13,68
2014-01-14,72
2014-01-15,69
2014-01-16,83
2014-01-17,75
2014-01-18,73
2014-01-19,103
2014-01-20,69
2014-01-21,78
2014-01-22,60
2014-01-23,51
2014-01-24,66
2014-01-25,77
2014-01-26,85
2014-01-27,56
2014-01-28,66
2014-01-29,87
2014-01-30,66
2014-01-31,55
2014-02-01,90
2014-02-02,76
2014-02-03,67
2014-02-04,66
2014-02-05,59
2014-02-06,85
2014-02-07,80
2014-02-08,86
2014-02-09,84
2014-02-10,57
2014-02-11,60
2014-02-12,90
2014-02-13,81
2014-02-14,64
2014-02-15,70
2014-02-16,84
2014-02-17,77
2014-02-18,71
2014-02-19,77
2014-02-20,86
2014-02-21,88
2014-02-22,82
2014-02-23,80
2014-02-24,55
2014-02-25,57
2014-02-26,56
2014-02-27,59
2014-02-28,57
2014-03-01,85
2014-03-02,60
2014-03-03,68
2014-03-04,58
2014-03-05,76
2014-03-06,79
2014-03-07,93
2014-03-08,80
2014-03-09,64
2014-03-10,72
2014-03-11,71
2014-03-12,81
2014-03-13,75
2014-03-14,73
2014-03-15,73
2014-03-16,71
2014-03-17,77
2014-03-18,70
2014-03-19,68
2014-03-20,94
2014-03-21,84
2014-03-22,98
2014-03-23,69
2014-03-24,92
2014-03-25,70
2014-03-26,58
2014-03-27,69
2014-03-28,77
2014-03-29,69
2014-03-30,88
2014-03-31,79
2014-04-01,84
2014-04-02,87
2014-04-03,72
2014-04-04,73
2014-04-05,88
2014-04-06,76
2014-04-07,76
2014-04-08,82
2014-04-09,82
2014-04-10,70
2014-04-11,88
2014-04-12,92
2014-04-13,100
2014-04-14,93
2014-04-15,73
2014-04-16,91
2014-04-17,112
2014-04-18,83
2014-04-19,88
2014-04-20,82
2014-04-21,86
2014-04-22,78
2014-04-23,54
2014-04-24,47
2014-04-25,69
2014-04-26,70
2014-04-27,76
2014-04-28,70
2014-04-29,63
2014-04-30,74
2014-05-01,97
2014-05-02,101
2014-05-03,86
2014-05-04,57
2014-05-05,93
2014-05-06,79
2014-05-07,75
2014-05-08,83
2014-05-09,83
2014-05-10,90
2014-05-11,97
2014-05-12,87
2014-05-13,77
2014-05-14,86
2014-05-15,94
2014-05-16,84
2014-05-17,97
2014-05-18,95
2014-05-19,78
2014-05-20,101
2014-05-21,70
2014-05-22,97
2014-05-23,110
2014-05-24,114
2014-05-25,96
2014-05-26,91
2014-05-27,84
2014-05-28,55
2014-05-29,61
2014-05-30,76
2014-05-31,76
2014-06-01,103
2014-06-02,89
2014-06-03,79
2014-06-04,80
2014-06-05,82
2014-06-06,113
2014-06-07,109
2014-06-08,92
2014-06-09,85
2014-06-10,82
2014-06-11,87
2014-06-12,83
2014-06-13,113
2014-06-14,61
2014-06-15,83
2014-06-16,85
2014-06-17,87
2014-06-18,85
2014-06-19,84
2014-06-20,107
2014-06-21,88
2014-06-22,91
2014-06-23,106
2014-06-24,76
2014-06-25,74
2014-06-26,76
2014-06-27,101
2014-06-28,81
2014-06-29,74
2014-06-30,94
2014-07-01,96
2014-07-02,85
2014-07-03,109
2014-07-04,124
2014-07-05,96
2014-07-06,96
2014-07-07,104
2014-07-08,103
2014-07-09,105
2014-07-10,84
2014-07-11,89
2014-07-12,84
2014-07-13,91
2014-07-14,95
2014-07-15,114
2014-07-16,105
2014-07-17,111
2014-07-18,90
2014-07-19,112
2014-07-20,95
2014-07-21,122
2014-07-22,84
2014-07-23,77
2014-07-24,74
2014-07-25,88
2014-07-26,94
2014-07-27,98
2014-07-28,104
2014-07-29,108
2014-07-30,116
2014-07-31,69
2014-08-01,118
2014-08-02,107
2014-08-03,92
2014-08-04,91
2014-08-05,92
2014-08-06,110
2014-08-07,90
2014-08-08,99
2014-08-09,115
2014-08-10,100
2014-08-11,88
2014-08-12,102
2014-08-13,97
2014-08-14,124
2014-08-15,141
2014-08-16,95
2014-08-17,111
2014-08-18,90
2014-08-19,90
2014-08-20,91
2014-08-21,106
2014-08-22,109
2014-08-23,94
2014-08-24,102
2014-08-25,104
2014-08-26,82
2014-08-27,67
2014-08-28,63
2014-08-29,95
2014-08-30,82
2014-08-31,114
2014-09-01,126
2014-09-02,103
2014-09-03,90
2014-09-04,68
2014-09-05,111
2014-09-06,109
2014-09-07,110
2014-09-08,79
2014-09-09,80
2014-09-10,105
2014-09-11,103
2014-09-12,101
2014-09-13,102
2014-09-14,97
2014-09-15,97
2014-09-16,115
2014-09-17,79
2014-09-18,87
2014-09-19,99
2014-09-20,112
2014-09-21,83
2014-09-22,87
2014-09-23,79
2014-09-24,67
2014-09-25,62
2014-09-26,113
2014-09-27,94
2014-09-28,85
2014-09-29,91
2014-09-30,90
2014-10-01,106
2014-10-02,91
2014-10-03,101
2014-10-04,96
2014-10-05,84
2014-10-06,83
2014-10-07,90
2014-10-08,89
2014-10-09,105
2014-10-10,87
2014-10-11,95
2014-10-12,83
2014-10-13,86
2014-10-14,97
2014-10-15,102
2014-10-16,82
2014-10-17,105
2014-10-18,93
2014-10-19,86
2014-10-20,88
2014-10-21,86
2014-10-22,85
2014-10-23,71
2014-10-24,92
2014-10-25,99
2014-10-26,124
2014-10-27,83
2014-10-28,91
2014-10-29,87
2014-10-30,73
2014-10-31,113
2014-11-01,108
2014-11-02,95
2014-11-03,83
2014-11-04,70
2014-11-05,83
2014-11-06,95
2014-11-07,85
2014-11-08,86
2014-11-09,86
2014-11-10,95
2014-11-11,83
2014-11-12,90
2014-11-13,79
2014-11-14,88
2014-11-15,109
2014-11-16,93
2014-11-17,79
2014-11-18,80
2014-11-19,71
2014-11-20,82
2014-11-21,69
2014-11-22,85
2014-11-23,73
2014-11-24,81
2014-11-25,57
2014-11-26,83
2014-11-27,75
2014-11-28,79
2014-11-29,81
2014-11-30,71
2014-12-01,96
2014-12-02,66
2014-12-03,77
2014-12-04,76
2014-12-05,89
2014-12-06,94
2014-12-07,66
2014-12-08,83
2014-12-09,83
2014-12-10,78
2014-12-11,79
2014-12-12,83
2014-12-13,80
2014-12-14,77
2014-12-15,77
2014-12-16,108
2014-12-17,73
2014-12-18,49
2014-12-19,82
2014-12-20,75
2014-12-21,67
2014-12-22,79
2014-12-23,78
2014-12-24,74
2014-12-25,63
2014-12-26,61
2014-12-27,101
2014-12-28,87
2014-12-29,67
2014-12-30,59
2014-12-31,72
2015-01-01,83
2015-01-02,78
2015-01-03,93
2015-01-04,59
2015-01-05,78
2015-01-06,86
2015-01-07,88
2015-01-08,87
2015-01-09,89
2015-01-10,75
2015-01-11,89
2015-01-12,75
2015-01-13,74
2015-01-14,86
2015-01-15,90
2015-01-16,120
2015-01-17,100
2015-01-18,77
2015-01-19,92
2015-01-20,87
2015-01-21,58
2015-01-22,79
2015-01-23,78
2015-01-24,83
2015-01-25,79
2015-01-26,63
2015-01-27,67
2015-01-28,57
2015-01-29,71
2015-01-30,114
2015-01-31,102
2015-02-01,90
2015-02-02,82
2015-02-03,72
2015-02-04,78
2015-02-05,76
2015-02-06,92
2015-02-07,83
2015-02-08,81
2015-02-09,81
2015-02-10,71
2015-02-11,75
2015-02-12,92
2015-02-13,117
2015-02-14,106
2015-02-15,76
2015-02-16,84
2015-02-17,58
2015-02-18,63
2015-02-19,65
2015-02-20,66
2015-02-21,87
2015-02-22,63
2015-02-23,70
2015-02-24,72
2015-02-25,78
2015-02-26,70
2015-02-27,83
2015-02-28,74
2015-03-01,81
2015-03-02,64
2015-03-03,69
2015-03-04,55
2015-03-05,68
2015-03-06,94
2015-03-07,76
2015-03-08,86
2015-03-09,70
2015-03-10,85
2015-03-11,81
2015-03-12,88
2015-03-13,69
2015-03-14,73
2015-03-15,64
2015-03-16,81
2015-03-17,86
2015-03-18,81
2015-03-19,78
2015-03-20,77
2015-03-21,98
2015-03-22,65
2015-03-23,65
2015-03-24,69
2015-03-25,70
2015-03-26,66
2015-03-27,79
2015-03-28,83
2015-03-29,70
2015-03-30,53
2015-03-31,64
2015-04-01,84
2015-04-02,68
2015-04-03,85
2015-04-04,69
2015-04-05,79
2015-04-06,71
2015-04-07,92
2015-04-08,79
2015-04-09,72
2015-04-10,81
2015-04-11,105
2015-04-12,95
2015-04-13,75
2015-04-14,97
2015-04-15,87
2015-04-16,76
2015-04-17,103
2015-04-18,101
2015-04-19,68
2015-04-20,66
2015-04-21,88
2015-04-22,47
2015-04-23,58
2015-04-24,67
2015-04-25,82
2015-04-26,72
2015-04-27,67
2015-04-28,70
2015-04-29,83
2015-04-30,93
2015-05-01,111
2015-05-02,78
2015-05-03,85
2015-05-04,83
2015-05-05,76
2015-05-06,78
2015-05-07,74
2015-05-08,95
2015-05-09,73
2015-05-10,89
2015-05-11,93
2015-05-12,86
2015-05-13,93
2015-05-14,87
2015-05-15,101
2015-05-16,91
2015-05-17,100
2015-05-18,93
2015-05-19,71
2015-05-20,85
2015-05-21,90
2015-05-22,84
2015-05-23,98
2015-05-24,100
2015-05-25,85
2015-05-26,83
2015-05-27,72
2015-05-28,79
2015-05-29,74
2015-05-30,91
2015-05-31,97
2015-06-01,96
2015-06-02,87
2015-06-03,87
2015-06-04,84
2015-06-05,92
2015-06-06,104
2015-06-07,94
2015-06-08,94
2015-06-09,85
2015-06-10,81
2015-06-11,80
2015-06-12,111
2015-06-13,91
2015-06-14,98
2015-06-15,75
2015-06-16,98
2015-06-17,92
2015-06-18,113
2015-06-19,88
2015-06-20,92
2015-06-21,94
2015-06-22,100
2015-06-23,75
2015-06-24,72
2015-06-25,83
2015-06-26,81
2015-06-27,94
2015-06-28,96
2015-06-29,81
2015-06-30,78
2015-07-01,95
2015-07-02,92
2015-07-03,91
2015-07-04,97
2015-07-05,108
2015-07-06,93
2015-07-07,103
2015-07-08,99
2015-07-09,87
2015-07-10,93
2015-07-11,118
2015-07-12,102
2015-07-13,100
2015-07-14,83
2015-07-15,106
2015-07-16,116
2015-07-17,102
2015-07-18,98
2015-07-19,88
2015-07-20,103
2015-07-21,110
2015-07-22,102
2015-07-23,124
2015-07-24,104
2015-07-25,118
2015-07-26,117
2015-07-27,104
2015-07-28,88
2015-07-29,82
2015-07-30,68
2015-07-31,83
2015-08-01,88
2015-08-02,106
2015-08-03,100
2015-08-04,102
2015-08-05,99
2015-08-06,117
2015-08-07,93
2015-08-08,94
2015-08-09,70
2015-08-10,94
2015-08-11,114
2015-08-12,95
2015-08-13,79
2015-08-14,96
2015-08-15,96
2015-08-16,90
2015-08-17,103
2015-08-18,99
2015-08-19,66
2015-08-20,87
2015-08-21,98
2015-08-22,99
2015-08-23,90
2015-08-24,96
2015-08-25,85
2015-08-26,71
2015-08-27,62
2015-08-28,79
2015-08-29,80
2015-08-30,88
2015-08-31,51
2015-09-01,90
2015-09-02,80
2015-09-03,99
2015-09-04,87
2015-09-05,101
2015-09-06,76
2015-09-07,100
2015-09-08,75
2015-09-09,73
2015-09-10,93
2015-09-11,113
2015-09-12,118
2015-09-13,83
2015-09-14,94
2015-09-15,79
2015-09-16,93
2015-09-17,88
2015-09-18,109
2015-09-19,63
2015-09-20,98
2015-09-21,102
2015-09-22,108
2015-09-23,87
2015-09-24,80
2015-09-25,90
2015-09-26,92
2015-09-27,93
2015-09-28,92
2015-09-29,80
2015-09-30,97
2015-10-01,90
2015-10-02,101
2015-10-03,90
2015-10-04,82
2015-10-05,86
2015-10-06,88
2015-10-07,102
2015-10-08,100
2015-10-09,110
2015-10-10,105
2015-10-11,101
2015-10-12,77
2015-10-13,80
2015-10-14,97
2015-10-15,100
2015-10-16,123
2015-10-17,114
2015-10-18,107
2015-10-19,99
2015-10-20,103
2015-10-21,76
2015-10-22,70
2015-10-23,97
2015-10-24,120
2015-10-25,97
2015-10-26,99
2015-10-27,112
2015-10-28,96
2015-10-29,102
2015-10-30,137
2015-10-31,120
2015-11-01,123
2015-11-02,99
2015-11-03,93
2015-11-04,94
2015-11-05,114
2015-11-06,100
2015-11-07,114
2015-11-08,104
2015-11-09,106
2015-11-10,110
2015-11-11,127
2015-11-12,105
2015-11-13,119
2015-11-14,104
2015-11-15,106
2015-11-16,125
2015-11-17,110
2015-11-18,64
2015-11-19,70
2015-11-20,88
2015-11-21,105
2015-11-22,99
2015-11-23,105
2015-11-24,99
2015-11-25,111
2015-11-26,93
2015-11-27,94
2015-11-28,113
2015-11-29,107
2015-11-30,107
2015-12-01,113
2015-12-02,112
2015-12-03,93
2015-12-04,121
2015-12-05,122
2015-12-06,110
2015-12-07,100
2015-12-08,94
2015-12-09,103
2015-12-10,129
2015-12-11,140
2015-12-12,98
2015-12-13,96
2015-12-14,113
2015-12-15,109
2015-12-16,72
2015-12-17,57
2015-12-18,107
2015-12-19,97
2015-12-20,84
2015-12-21,80
2015-12-22,103
2015-12-23,110
2015-12-24,78
2015-12-25,49
2015-12-26,83
2015-12-27,88
2015-12-28,96
2015-12-29,94
2015-12-30,86
2015-12-31,84
2016-01-01,131
2016-01-02,84
2016-01-03,103
2016-01-04,119
2016-01-05,99
2016-01-06,79
2016-01-07,107
2016-01-08,117
2016-01-09,106
2016-01-10,92
2016-01-11,108
2016-01-12,107
2016-01-13,136
2016-01-14,110
2016-01-15,146
2016-01-16,146
2016-01-17,116
2016-01-18,105
2016-01-19,108
2016-01-20,81
2016-01-21,74
2016-01-22,85
2016-01-23,94
2016-01-24,89
2016-01-25,102
2016-01-26,77
2016-01-27,100
2016-01-28,99
2016-01-29,105
2016-01-30,99
2016-01-31,85
2016-02-01,98
2016-02-02,107
2016-02-03,106
2016-02-04,107
2016-02-05,119
2016-02-06,106
2016-02-07,93
2016-02-08,76
2016-02-09,111
2016-02-10,83
2016-02-11,92
2016-02-12,114
2016-02-13,133
2016-02-14,92
2016-02-15,112
2016-02-16,83
2016-02-17,60
2016-02-18,77
2016-02-19,89
2016-02-20,88
2016-02-21,77
2016-02-22,82
2016-02-23,89
2016-02-24,97
2016-02-25,85
2016-02-26,94
2016-02-27,86
2016-02-28,83
2016-02-29,88
2016-03-01,96
2016-03-02,82
2016-03-03,95
2016-03-04,123
2016-03-05,107
2016-03-06,104
2016-03-07,106
2016-03-08,111
2016-03-09,74
2016-03-10,102
2016-03-11,102
2016-03-12,127
2016-03-13,86
2016-03-14,92
2016-03-15,97
2016-03-16,73
2016-03-17,115
2016-03-18,143
2016-03-19,144
2016-03-20,89
2016-03-21,122
2016-03-22,109
2016-03-23,74
2016-03-24,67
2016-03-25,83
2016-03-26,104
2016-03-27,95
2016-03-28,107
2016-03-29,93
2016-03-30,87
2016-03-31,81
2016-04-01,103
2016-04-02,114
2016-04-03,98
2016-04-04,101
2016-04-05,74
2016-04-06,106
2016-04-07,103
2016-04-08,124
2016-04-09,121
2016-04-10,104
2016-04-11,100
2016-04-12,124
2016-04-13,93
2016-04-14,103
2016-04-15,112
2016-04-16,101
2016-04-17,102
2016-04-18,117
2016-04-19,82
2016-04-20,70
2016-04-21,72
2016-04-22,91
2016-04-23,79
2016-04-24,94
2016-04-25,78
2016-04-26,86
2016-04-27,108
2016-04-28,93
2016-04-29,105
2016-04-30,114
2016-05-01,111
2016-05-02,97
2016-05-03,98
2016-05-04,80
2016-05-05,108
2016-05-06,124
2016-05-07,114
2016-05-08,96
2016-05-09,96
2016-05-10,104
2016-05-11,103
2016-05-12,117
2016-05-13,115
2016-05-14,124
2016-05-15,120
2016-05-16,98
2016-05-17,138
2016-05-18,142
2016-05-19,116
2016-05-20,120
2016-05-21,136
2016-05-22,109
2016-05-23,130
2016-05-24,101
2016-05-25,84
2016-05-26,78
2016-05-27,103
2016-05-28,84
2016-05-29,121
2016-05-30,72
2016-05-31,104
2016-06-01,126
2016-06-02,99
2016-06-03,110
2016-06-04,98
2016-06-05,99
2016-06-06,97
2016-06-07,114
2016-06-08,119
2016-06-09,114
2016-06-10,124
2016-06-11,118
2016-06-12,123
2016-06-13,122
2016-06-14,122
2016-06-15,108
2016-06-16,98
2016-06-17,131
2016-06-18,120
2016-06-19,133
2016-06-20,98
2016-06-21,100
2016-06-22,66
2016-06-23,74
2016-06-24,106
2016-06-25,93
2016-06-26,105
2016-06-27,96
2016-06-28,106
2016-06-29,115
2016-06-30,102
2016-07-01,150
2016-07-02,118
2016-07-03,119
2016-07-04,124
2016-07-05,113
2016-07-06,112
2016-07-07,100
2016-07-08,118
2016-07-09,105
2016-07-10,104
2016-07-11,91
2016-07-12,115
2016-07-13,117
2016-07-14,120
2016-07-15,119
2016-07-16,105
2016-07-17,96
2016-07-18,124
2016-07-19,115
2016-07-20,125
2016-07-21,103
2016-07-22,149
2016-07-23,113
2016-07-24,101
2016-07-25,109
2016-07-26,102
2016-07-27,55
2016-07-28,82
2016-07-29,78
2016-07-30,81
2016-07-31,83
2016-08-01,106
2016-08-02,99
2016-08-03,103
2016-08-04,86
2016-08-05,102
2016-08-06,101
2016-08-07,90
2016-08-08,112
2016-08-09,119
2016-08-10,98
2016-08-11,108
2016-08-12,111
2016-08-13,105
2016-08-14,98
2016-08-15,116
2016-08-16,105
2016-08-17,96
2016-08-18,98
2016-08-19,119
2016-08-20,123
2016-08-21,116
2016-08-22,110
2016-08-23,96
2016-08-24,79
2016-08-25,78
2016-08-26,82
2016-08-27,104
2016-08-28,91
2016-08-29,99
2016-08-30,103
2016-08-31,100
2016-09-01,81
2016-09-02,98
2016-09-03,95
2016-09-04,96
2016-09-05,112
2016-09-06,104
2016-09-07,90
2016-09-08,117
2016-09-09,118
2016-09-10,125
2016-09-11,126
2016-09-12,93
2016-09-13,96
2016-09-14,92
2016-09-15,107
2016-09-16,120
2016-09-17,112
2016-09-18,99
2016-09-19,81
2016-09-20,86
2016-09-21,67
2016-09-22,85
2016-09-23,93
2016-09-24,99
2016-09-25,79
2016-09-26,93
2016-09-27,86
2016-09-28,90
2016-09-29,86
2016-09-30,103
2016-10-01,109
2016-10-02,107
2016-10-03,85
2016-10-04,107
2016-10-05,97
2016-10-06,100
2016-10-07,128
2016-10-08,94
2016-10-09,81
2016-10-10,94
2016-10-11,81
2016-10-12,98
2016-10-13,109
2016-10-14,111
2016-10-15,113
2016-10-16,104
2016-10-17,101
2016-10-18,98
2016-10-19,87
2016-10-20,100
2016-10-21,118
2016-10-22,99
2016-10-23,93
2016-10-24,100
2016-10-25,81
2016-10-26,49
2016-10-27,71
2016-10-28,64
2016-10-29,101
2016-10-30,104
2016-10-31,90
2016-11-01,101
2016-11-02,78
2016-11-03,101
2016-11-04,107
2016-11-05,123
2016-11-06,108
2016-11-07,98
2016-11-08,74
2016-11-09,81
2016-11-10,119
2016-11-11,132
2016-11-12,106
2016-11-13,96
2016-11-14,84
2016-11-15,90
2016-11-16,102
2016-11-17,87
2016-11-18,103
2016-11-19,104
2016-11-20,94
2016-11-21,85
2016-11-22,58
2016-11-23,48
2016-11-24,78
2016-11-25,80
2016-11-26,72
2016-11-27,61
2016-11-28,85
2016-11-29,78
2016-11-30,69
2016-12-01,95
2016-12-02,50
2016-12-03,96
2016-12-04,95
2016-12-05,66
2016-12-06,71
2016-12-07,80
2016-12-08,76
2016-12-09,71
2016-12-10,101
2016-12-11,91
2016-12-12,91
2016-12-13,68
2016-12-14,83
2016-12-15,85
2016-12-16,91
2016-12-17,82
2016-12-18,74
2016-12-19,71
2016-12-20,69
2016-12-21,56
2016-12-22,72
2016-12-23,83
2016-12-24,77
2016-12-25,52
2016-12-26,62
2016-12-27,51
2016-12-28,75
2016-12-29,86
2016-12-30,97
2016-12-31,86
2017-01-01,81
2017-01-02,61
2017-01-03,73
2017-01-04,60
2017-01-05,63
2017-01-06,85
2017-01-07,92
2017-01-08,96
2017-01-09,97
2017-01-10,80
2017-01-11,77
2017-01-12,78
2017-01-13,88
2017-01-14,96
2017-01-15,96
2017-01-16,90
2017-01-17,74
2017-01-18,63
2017-01-19,35
2017-01-20,76
2017-01-21,71
2017-01-22,68
2017-01-23,72
2017-01-24,65
2017-01-25,60
2017-01-26,66
2017-01-27,74
2017-01-28,84
2017-01-29,80
2017-01-30,75
2017-01-31,85
2017-02-01,89
2017-02-02,78
2017-02-03,60
2017-02-04,76
2017-02-05,84
2017-02-06,79
2017-02-07,65
2017-02-08,90
2017-02-09,81
2017-02-10,86
2017-02-11,84
2017-02-12,88
2017-02-13,77
2017-02-14,101
2017-02-15,113
2017-02-16,103
2017-02-17,118
2017-02-18,93
2017-02-19,98
2017-02-20,92
2017-02-21,79
2017-02-22,52
2017-02-23,60
2017-02-24,65
2017-02-25,67
2017-02-26,76
2017-02-27,60
2017-02-28,70
2017-03-01,72
2017-03-02,77
2017-03-03,100
2017-03-04,100
2017-03-05,77
2017-03-06,103
2017-03-07,96
2017-03-08,86
2017-03-09,91
2017-03-10,105
2017-03-11,100
2017-03-12,102
2017-03-13,111
2017-03-14,112
2017-03-15,95
2017-03-16,86
2017-03-17,90
2017-03-18,100
2017-03-19,79
2017-03-20,106
2017-03-21,87
2017-03-22,55
2017-03-23,69
2017-03-24,89
2017-03-25,101
2017-03-26,86
2017-03-27,79
2017-03-28,101
2017-03-29,103
2017-03-30,98
2017-03-31,117
2017-04-01,102
2017-04-02,97
2017-04-03,74
2017-04-04,83
2017-04-05,103
2017-04-06,100
2017-04-07,107
2017-04-08,121
2017-04-09,113
2017-04-10,70
2017-04-11,96
2017-04-12,96
2017-04-13,107
2017-04-14,92
2017-04-15,88
2017-04-16,94
2017-04-17,79
2017-04-18,94
2017-04-19,95
2017-04-20,100
2017-04-21,109
2017-04-22,99
2017-04-23,94
2017-04-24,88
2017-04-25,55
2017-04-26,69
2017-04-27,74
2017-04-28,78
2017-04-29,73
2017-04-30,84
2017-05-01,70
2017-05-02,87
2017-05-03,85
2017-05-04,93
2017-05-05,98
2017-05-06,101
2017-05-07,91
2017-05-08,112
2017-05-09,99
2017-05-10,115
2017-05-11,83
2017-05-12,126
2017-05-13,118
2017-05-14,116
2017-05-15,80
2017-05-16,106
2017-05-17,108
2017-05-18,94
2017-05-19,99
2017-05-20,112
2017-05-21,91
2017-05-22,92
2017-05-23,92
2017-05-24,66
2017-05-25,61
2017-05-26,75
2017-05-27,88
2017-05-28,77
2017-05-29,86
2017-05-30,95
2017-05-31,91
2017-06-01,94
2017-06-02,90
2017-06-03,94
2017-06-04,93
2017-06-05,94
2017-06-06,98
2017-06-07,98
2017-06-08,113
2017-06-09,108
2017-06-10,91
2017-06-11,116
2017-06-12,93
2017-06-13,78
2017-06-14,102
2017-06-15,99
2017-06-16,120
2017-06-17,110
2017-06-18,100
2017-06-19,101
2017-06-20,72
2017-06-21,71
2017-06-22,72
2017-06-23,93
2017-06-24,80
2017-06-25,73
2017-06-26,71
2017-06-27,78
2017-06-28,87
2017-06-29,106
2017-06-30,108
